action,image_id,filename,left_elbow_angle,right_elbow_angle,left_knee_angle,right_knee_angle,left_shoulder_angle,right_shoulder_angle,hip_angle,risk_score,risk_level,risk_factors
backhand,10001,B_001.jpeg,117.96,137.01,112.71,120.86,27.38,36.73,142.26,70,High,"Left elbow overly flexed (Angle dropped to 118° during contact, below the 140° comfort range. Sustained sh...); Right elbow overly flexed (Angle dropped to 137° during contact, below the 140° comfort range. Sustained sh...); Trunk leaning excessively (Torso lean measured at 142°, outside the 15°–65° tennis-specific range. Can shif...)"
backhand,10002,B_002.jpeg,136.77,179.34,122.68,79.38,31.95,71.59,140.87,65,Moderate,"Left elbow overly flexed (Angle dropped to 137° during contact, below the 140° comfort range. Sustained sh...); Right knee deep bend (Knee angle reached 79°, well below the 80° threshold. Deep flexion under load ca...); Trunk leaning excessively (Torso lean measured at 141°, outside the 15°–65° tennis-specific range. Can shif...)"
backhand,10013,B_013.jpeg,129.46,176.69,98.68,130.3,16.88,14.54,174.68,40,Moderate,"Left elbow overly flexed (Angle dropped to 129° during contact, below the 140° comfort range. Sustained sh...); Trunk leaning excessively (Torso lean measured at 175°, outside the 15°–65° tennis-specific range. Can shif...)"
backhand,10021,B_021.jpeg,105.85,157.62,113.65,105.71,1.46,10.09,119.53,40,Moderate,"Left elbow overly flexed (Angle dropped to 106° during contact, below the 140° comfort range. Sustained sh...); Trunk leaning excessively (Torso lean measured at 120°, outside the 15°–65° tennis-specific range. Can shif...)"
backhand,10026,B_026.jpeg,142.62,159.87,127.88,117.26,33.42,53.5,154.57,10,Low,"Trunk leaning excessively (Torso lean measured at 155°, outside the 15°–65° tennis-specific range. Can shif...)"
backhand,10038,B_038.jpeg,168.35,49.48,128.51,153.41,123.08,49.64,164.98,40,Moderate,"Right elbow overly flexed (Angle dropped to 49° during contact, below the 140° comfort range. Sustained sha...); Trunk leaning excessively (Torso lean measured at 165°, outside the 15°–65° tennis-specific range. Can shif...)"
backhand,10080,B_080.jpeg,172.81,59.1,165.34,168.1,96.84,53.44,168.46,40,Moderate,"Right elbow overly flexed (Angle dropped to 59° during contact, below the 140° comfort range. Sustained sha...); Trunk leaning excessively (Torso lean measured at 168°, outside the 15°–65° tennis-specific range. Can shif...)"
backhand,10096,B_096.jpeg,168.84,71.99,160.81,168.72,91.63,55.28,165.54,40,Moderate,"Right elbow overly flexed (Angle dropped to 72° during contact, below the 140° comfort range. Sustained sha...); Trunk leaning excessively (Torso lean measured at 166°, outside the 15°–65° tennis-specific range. Can shif...)"
backhand,10127,B_127.jpeg,159.91,119.96,178.64,167.74,106.11,71.66,153.36,40,Moderate,"Right elbow overly flexed (Angle dropped to 120° during contact, below the 140° comfort range. Sustained sh...); Trunk leaning excessively (Torso lean measured at 153°, outside the 15°–65° tennis-specific range. Can shif...)"
backhand,10148,B_148.jpeg,118.24,143.85,92.58,82.22,11.96,42.43,172.17,40,Moderate,"Left elbow overly flexed (Angle dropped to 118° during contact, below the 140° comfort range. Sustained sh...); Trunk leaning excessively (Torso lean measured at 172°, outside the 15°–65° tennis-specific range. Can shif...)"
backhand,10161,B_161.jpeg,120.42,174.62,113.92,103.14,4.86,16.53,124.55,40,Moderate,"Left elbow overly flexed (Angle dropped to 120° during contact, below the 140° comfort range. Sustained sh...); Trunk leaning excessively (Torso lean measured at 125°, outside the 15°–65° tennis-specific range. Can shif...)"
backhand,10206,B_206.jpeg,123.69,164.6,124.85,81.01,6.7,7.06,129.55,40,Moderate,"Left elbow overly flexed (Angle dropped to 124° during contact, below the 140° comfort range. Sustained sh...); Trunk leaning excessively (Torso lean measured at 130°, outside the 15°–65° tennis-specific range. Can shif...)"
backhand,10207,B_207.jpeg,100.1,168.02,84.67,115.44,19.16,7.37,117.13,40,Moderate,"Left elbow overly flexed (Angle dropped to 100° during contact, below the 140° comfort range. Sustained sh...); Trunk leaning excessively (Torso lean measured at 117°, outside the 15°–65° tennis-specific range. Can shif...)"
backhand,10208,B_208.jpeg,100.45,158.31,132.77,105.08,23.8,7.13,130.13,40,Moderate,"Left elbow overly flexed (Angle dropped to 100° during contact, below the 140° comfort range. Sustained sh...); Trunk leaning excessively (Torso lean measured at 130°, outside the 15°–65° tennis-specific range. Can shif...)"
backhand,10214,B_214.jpeg,157.07,155.13,138.49,127.14,32.92,44.02,175.38,10,Low,"Trunk leaning excessively (Torso lean measured at 175°, outside the 15°–65° tennis-specific range. Can shif...)"
backhand,10215,B_215.jpeg,135.0,172.16,119.51,120.94,26.24,60.38,148.78,40,Moderate,"Left elbow overly flexed (Angle dropped to 135° during contact, below the 140° comfort range. Sustained sh...); Trunk leaning excessively (Torso lean measured at 149°, outside the 15°–65° tennis-specific range. Can shif...)"
backhand,10248,B_248.jpeg,159.27,155.03,97.03,124.74,4.51,24.22,169.25,10,Low,"Trunk leaning excessively (Torso lean measured at 169°, outside the 15°–65° tennis-specific range. Can shif...)"
backhand,10328,B_328.jpeg,132.77,73.2,167.44,175.93,92.47,42.12,134.27,70,High,"Left elbow overly flexed (Angle dropped to 133° during contact, below the 140° comfort range. Sustained sh...); Right elbow overly flexed (Angle dropped to 73° during contact, below the 140° comfort range. Sustained sha...); Trunk leaning excessively (Torso lean measured at 134°, outside the 15°–65° tennis-specific range. Can shif...)"
backhand,10330,B_330.jpeg,161.05,58.63,141.26,147.23,111.44,13.02,116.82,40,Moderate,"Right elbow overly flexed (Angle dropped to 59° during contact, below the 140° comfort range. Sustained sha...); Trunk leaning excessively (Torso lean measured at 117°, outside the 15°–65° tennis-specific range. Can shif...)"
backhand,10335,B_335.jpeg,155.93,68.6,171.13,163.12,95.52,43.94,164.99,40,Moderate,"Right elbow overly flexed (Angle dropped to 69° during contact, below the 140° comfort range. Sustained sha...); Trunk leaning excessively (Torso lean measured at 165°, outside the 15°–65° tennis-specific range. Can shif...)"
backhand,10341,B_341.jpeg,108.24,135.64,159.59,135.29,18.79,38.39,156.9,70,High,"Left elbow overly flexed (Angle dropped to 108° during contact, below the 140° comfort range. Sustained sh...); Right elbow overly flexed (Angle dropped to 136° during contact, below the 140° comfort range. Sustained sh...); Trunk leaning excessively (Torso lean measured at 157°, outside the 15°–65° tennis-specific range. Can shif...)"
backhand,10359,B_359.jpeg,177.18,64.06,107.96,163.04,96.18,47.81,173.08,40,Moderate,"Right elbow overly flexed (Angle dropped to 64° during contact, below the 140° comfort range. Sustained sha...); Trunk leaning excessively (Torso lean measured at 173°, outside the 15°–65° tennis-specific range. Can shif...)"
backhand,10373,B_373.jpeg,145.81,152.51,126.12,118.1,37.32,54.14,167.24,10,Low,"Trunk leaning excessively (Torso lean measured at 167°, outside the 15°–65° tennis-specific range. Can shif...)"
backhand,10374,B_374.jpeg,133.28,162.43,131.02,95.12,38.57,66.07,163.75,40,Moderate,"Left elbow overly flexed (Angle dropped to 133° during contact, below the 140° comfort range. Sustained sh...); Trunk leaning excessively (Torso lean measured at 164°, outside the 15°–65° tennis-specific range. Can shif...)"
backhand,10375,B_375.jpeg,138.22,147.66,117.92,95.08,48.94,62.09,140.43,40,Moderate,"Left elbow overly flexed (Angle dropped to 138° during contact, below the 140° comfort range. Sustained sh...); Trunk leaning excessively (Torso lean measured at 140°, outside the 15°–65° tennis-specific range. Can shif...)"
backhand,10396,B_396.jpeg,145.01,150.26,114.41,102.59,25.26,45.45,151.04,10,Low,"Trunk leaning excessively (Torso lean measured at 151°, outside the 15°–65° tennis-specific range. Can shif...)"
backhand,10424,B_424.jpeg,135.93,149.89,123.89,109.63,30.23,50.78,158.68,40,Moderate,"Left elbow overly flexed (Angle dropped to 136° during contact, below the 140° comfort range. Sustained sh...); Trunk leaning excessively (Torso lean measured at 159°, outside the 15°–65° tennis-specific range. Can shif...)"
backhand,10467,B_467.jpeg,123.71,137.68,127.77,126.74,15.39,36.18,169.17,70,High,"Left elbow overly flexed (Angle dropped to 124° during contact, below the 140° comfort range. Sustained sh...); Right elbow overly flexed (Angle dropped to 138° during contact, below the 140° comfort range. Sustained sh...); Trunk leaning excessively (Torso lean measured at 169°, outside the 15°–65° tennis-specific range. Can shif...)"
backhand,10477,B_477.jpeg,137.64,142.7,122.22,80.78,40.16,51.93,131.17,40,Moderate,"Left elbow overly flexed (Angle dropped to 138° during contact, below the 140° comfort range. Sustained sh...); Trunk leaning excessively (Torso lean measured at 131°, outside the 15°–65° tennis-specific range. Can shif...)"
backhand,10499,B_499.jpeg,149.48,146.27,145.39,127.94,17.73,38.55,156.76,10,Low,"Trunk leaning excessively (Torso lean measured at 157°, outside the 15°–65° tennis-specific range. Can shif...)"
forehand,10506,F_006.jpeg,155.55,39.6,110.57,116.64,95.04,43.16,125.2,40,Moderate,"Right elbow overly flexed (Angle dropped to 40° during contact, below the 140° comfort range. Sustained sha...); Trunk leaning excessively (Torso lean measured at 125°, outside the 15°–65° tennis-specific range. Can shif...)"
forehand,10513,F_013.jpeg,158.86,99.02,102.42,98.49,116.21,72.25,98.71,40,Moderate,"Right elbow overly flexed (Angle dropped to 99° during contact, below the 140° comfort range. Sustained sha...); Trunk leaning excessively (Torso lean measured at 99°, outside the 15°–65° tennis-specific range. Can shift...)"
forehand,10518,F_018.jpeg,27.24,125.04,164.83,177.68,34.97,23.26,141.53,70,High,"Left elbow overly flexed (Angle dropped to 27° during contact, below the 140° comfort range. Sustained sha...); Right elbow overly flexed (Angle dropped to 125° during contact, below the 140° comfort range. Sustained sh...); Trunk leaning excessively (Torso lean measured at 142°, outside the 15°–65° tennis-specific range. Can shif...)"
forehand,10519,F_019.jpeg,23.47,158.04,148.03,166.28,29.17,114.2,149.07,40,Moderate,"Left elbow overly flexed (Angle dropped to 23° during contact, below the 140° comfort range. Sustained sha...); Trunk leaning excessively (Torso lean measured at 149°, outside the 15°–65° tennis-specific range. Can shif...)"
forehand,10522,F_022.jpeg,140.43,90.73,131.71,139.75,95.39,58.67,124.25,40,Moderate,"Right elbow overly flexed (Angle dropped to 91° during contact, below the 140° comfort range. Sustained sha...); Trunk leaning excessively (Torso lean measured at 124°, outside the 15°–65° tennis-specific range. Can shif...)"
forehand,10523,F_023.jpeg,146.78,98.99,119.14,98.36,100.36,66.58,93.2,40,Moderate,"Right elbow overly flexed (Angle dropped to 99° during contact, below the 140° comfort range. Sustained sha...); Trunk leaning excessively (Torso lean measured at 93°, outside the 15°–65° tennis-specific range. Can shift...)"
forehand,10524,F_024.jpeg,156.82,87.94,77.34,80.48,104.11,55.63,88.41,65,Moderate,"Right elbow overly flexed (Angle dropped to 88° during contact, below the 140° comfort range. Sustained sha...); Left knee deep bend (Knee angle reached 77°, well below the 80° threshold. Deep flexion under load ca...); Trunk leaning excessively (Torso lean measured at 88°, outside the 15°–65° tennis-specific range. Can shift...)"
forehand,10529,F_029.jpeg,35.62,79.18,165.75,160.68,67.38,48.86,145.18,70,High,"Left elbow overly flexed (Angle dropped to 36° during contact, below the 140° comfort range. Sustained sha...); Right elbow overly flexed (Angle dropped to 79° during contact, below the 140° comfort range. Sustained sha...); Trunk leaning excessively (Torso lean measured at 145°, outside the 15°–65° tennis-specific range. Can shif...)"
forehand,10530,F_030.jpeg,67.78,116.68,174.05,178.76,7.58,142.58,146.73,70,High,"Left elbow overly flexed (Angle dropped to 68° during contact, below the 140° comfort range. Sustained sha...); Right elbow overly flexed (Angle dropped to 117° during contact, below the 140° comfort range. Sustained sh...); Trunk leaning excessively (Torso lean measured at 147°, outside the 15°–65° tennis-specific range. Can shif...)"
forehand,10537,F_037.jpeg,39.21,142.35,142.13,132.27,37.5,36.21,128.53,40,Moderate,"Left elbow overly flexed (Angle dropped to 39° during contact, below the 140° comfort range. Sustained sha...); Trunk leaning excessively (Torso lean measured at 129°, outside the 15°–65° tennis-specific range. Can shif...)"
forehand,10545,F_045.jpeg,38.22,51.77,145.58,178.98,62.57,71.03,162.37,70,High,"Left elbow overly flexed (Angle dropped to 38° during contact, below the 140° comfort range. Sustained sha...); Right elbow overly flexed (Angle dropped to 52° during contact, below the 140° comfort range. Sustained sha...); Trunk leaning excessively (Torso lean measured at 162°, outside the 15°–65° tennis-specific range. Can shif...)"
forehand,10546,F_046.jpeg,60.95,128.74,154.67,177.5,9.81,167.43,162.92,90,High,"Left elbow overly flexed (Angle dropped to 61° during contact, below the 140° comfort range. Sustained sha...); Right elbow overly flexed (Angle dropped to 129° during contact, below the 140° comfort range. Sustained sh...); Right shoulder in vulnerable position (Shoulder angle measured at 167°, exceeding the 160° safe limit. Overhead positio...); Trunk leaning excessively (Torso lean measured at 163°, outside the 15°–65° tennis-specific range. Can shif...)"
forehand,10547,F_047.jpeg,143.71,99.1,91.48,145.31,78.52,56.05,94.59,40,Moderate,"Right elbow overly flexed (Angle dropped to 99° during contact, below the 140° comfort range. Sustained sha...); Trunk leaning excessively (Torso lean measured at 95°, outside the 15°–65° tennis-specific range. Can shift...)"
forehand,10552,F_052.jpeg,18.99,119.29,171.47,170.37,59.41,42.1,154.29,70,High,"Left elbow overly flexed (Angle dropped to 19° during contact, below the 140° comfort range. Sustained sha...); Right elbow overly flexed (Angle dropped to 119° during contact, below the 140° comfort range. Sustained sh...); Trunk leaning excessively (Torso lean measured at 154°, outside the 15°–65° tennis-specific range. Can shif...)"
forehand,10554,F_054.jpeg,23.13,167.64,132.92,168.61,15.67,89.22,142.36,40,Moderate,"Left elbow overly flexed (Angle dropped to 23° during contact, below the 140° comfort range. Sustained sha...); Trunk leaning excessively (Torso lean measured at 142°, outside the 15°–65° tennis-specific range. Can shif...)"
forehand,10556,F_056.jpeg,138.73,89.74,87.92,92.96,74.4,43.95,90.41,70,High,"Left elbow overly flexed (Angle dropped to 139° during contact, below the 140° comfort range. Sustained sh...); Right elbow overly flexed (Angle dropped to 90° during contact, below the 140° comfort range. Sustained sha...); Trunk leaning excessively (Torso lean measured at 90°, outside the 15°–65° tennis-specific range. Can shift...)"
forehand,10564,F_064.jpeg,62.17,141.81,121.57,152.86,14.55,89.73,143.39,40,Moderate,"Left elbow overly flexed (Angle dropped to 62° during contact, below the 140° comfort range. Sustained sha...); Trunk leaning excessively (Torso lean measured at 143°, outside the 15°–65° tennis-specific range. Can shif...)"
forehand,10579,F_079.jpeg,17.1,133.03,158.08,116.48,56.17,14.93,116.46,70,High,"Left elbow overly flexed (Angle dropped to 17° during contact, below the 140° comfort range. Sustained sha...); Right elbow overly flexed (Angle dropped to 133° during contact, below the 140° comfort range. Sustained sh...); Trunk leaning excessively (Torso lean measured at 116°, outside the 15°–65° tennis-specific range. Can shif...)"
forehand,10580,F_080.jpeg,48.64,100.19,161.05,173.93,59.68,122.99,152.31,70,High,"Left elbow overly flexed (Angle dropped to 49° during contact, below the 140° comfort range. Sustained sha...); Right elbow overly flexed (Angle dropped to 100° during contact, below the 140° comfort range. Sustained sh...); Trunk leaning excessively (Torso lean measured at 152°, outside the 15°–65° tennis-specific range. Can shif...)"
forehand,10581,F_081.jpeg,71.82,153.3,165.14,173.19,22.22,179.43,150.03,60,Moderate,"Left elbow overly flexed (Angle dropped to 72° during contact, below the 140° comfort range. Sustained sha...); Right shoulder in vulnerable position (Shoulder angle measured at 179°, exceeding the 160° safe limit. Overhead positio...); Trunk leaning excessively (Torso lean measured at 150°, outside the 15°–65° tennis-specific range. Can shif...)"
forehand,10588,F_088.jpeg,50.19,166.43,127.68,146.23,26.91,122.69,173.91,40,Moderate,"Left elbow overly flexed (Angle dropped to 50° during contact, below the 140° comfort range. Sustained sha...); Trunk leaning excessively (Torso lean measured at 174°, outside the 15°–65° tennis-specific range. Can shif...)"
forehand,10591,F_091.jpeg,138.5,105.49,105.47,101.96,95.53,79.7,105.82,70,High,"Left elbow overly flexed (Angle dropped to 139° during contact, below the 140° comfort range. Sustained sh...); Right elbow overly flexed (Angle dropped to 105° during contact, below the 140° comfort range. Sustained sh...); Trunk leaning excessively (Torso lean measured at 106°, outside the 15°–65° tennis-specific range. Can shif...)"
forehand,10592,F_092.jpeg,156.84,115.97,101.75,115.75,123.7,86.46,130.58,40,Moderate,"Right elbow overly flexed (Angle dropped to 116° during contact, below the 140° comfort range. Sustained sh...); Trunk leaning excessively (Torso lean measured at 131°, outside the 15°–65° tennis-specific range. Can shif...)"
forehand,10596,F_096.jpeg,56.77,129.4,144.66,162.22,43.77,27.51,124.31,70,High,"Left elbow overly flexed (Angle dropped to 57° during contact, below the 140° comfort range. Sustained sha...); Right elbow overly flexed (Angle dropped to 129° during contact, below the 140° comfort range. Sustained sh...); Trunk leaning excessively (Torso lean measured at 124°, outside the 15°–65° tennis-specific range. Can shif...)"
forehand,10600,F_100.jpeg,152.42,106.01,126.79,110.6,107.32,59.39,94.07,40,Moderate,"Right elbow overly flexed (Angle dropped to 106° during contact, below the 140° comfort range. Sustained sh...); Trunk leaning excessively (Torso lean measured at 94°, outside the 15°–65° tennis-specific range. Can shift...)"
forehand,10608,F_108.jpeg,144.2,94.52,98.14,157.71,94.3,53.82,107.9,40,Moderate,"Right elbow overly flexed (Angle dropped to 95° during contact, below the 140° comfort range. Sustained sha...); Trunk leaning excessively (Torso lean measured at 108°, outside the 15°–65° tennis-specific range. Can shif...)"
forehand,10616,F_116.jpeg,30.39,114.2,170.13,160.88,79.9,34.46,151.71,70,High,"Left elbow overly flexed (Angle dropped to 30° during contact, below the 140° comfort range. Sustained sha...); Right elbow overly flexed (Angle dropped to 114° during contact, below the 140° comfort range. Sustained sh...); Trunk leaning excessively (Torso lean measured at 152°, outside the 15°–65° tennis-specific range. Can shif...)"
forehand,10625,F_125.jpeg,34.39,99.81,148.45,176.38,47.93,48.23,163.31,70,High,"Left elbow overly flexed (Angle dropped to 34° during contact, below the 140° comfort range. Sustained sha...); Right elbow overly flexed (Angle dropped to 100° during contact, below the 140° comfort range. Sustained sh...); Trunk leaning excessively (Torso lean measured at 163°, outside the 15°–65° tennis-specific range. Can shif...)"
forehand,10626,F_126.jpeg,29.85,147.36,118.98,170.71,30.77,130.13,169.28,40,Moderate,"Left elbow overly flexed (Angle dropped to 30° during contact, below the 140° comfort range. Sustained sha...); Trunk leaning excessively (Torso lean measured at 169°, outside the 15°–65° tennis-specific range. Can shif...)"
forehand,10634,F_134.jpeg,32.59,109.47,170.13,174.23,56.79,115.64,154.85,70,High,"Left elbow overly flexed (Angle dropped to 33° during contact, below the 140° comfort range. Sustained sha...); Right elbow overly flexed (Angle dropped to 109° during contact, below the 140° comfort range. Sustained sh...); Trunk leaning excessively (Torso lean measured at 155°, outside the 15°–65° tennis-specific range. Can shif...)"
forehand,10635,F_135.jpeg,52.37,114.08,159.98,172.88,26.38,139.3,161.02,70,High,"Left elbow overly flexed (Angle dropped to 52° during contact, below the 140° comfort range. Sustained sha...); Right elbow overly flexed (Angle dropped to 114° during contact, below the 140° comfort range. Sustained sh...); Trunk leaning excessively (Torso lean measured at 161°, outside the 15°–65° tennis-specific range. Can shif...)"
forehand,10636,F_136.jpeg,79.51,108.83,157.27,177.61,16.51,113.59,143.06,70,High,"Left elbow overly flexed (Angle dropped to 80° during contact, below the 140° comfort range. Sustained sha...); Right elbow overly flexed (Angle dropped to 109° during contact, below the 140° comfort range. Sustained sh...); Trunk leaning excessively (Torso lean measured at 143°, outside the 15°–65° tennis-specific range. Can shif...)"
forehand,10644,F_144.jpeg,32.66,104.02,179.44,167.91,50.87,35.21,146.19,70,High,"Left elbow overly flexed (Angle dropped to 33° during contact, below the 140° comfort range. Sustained sha...); Right elbow overly flexed (Angle dropped to 104° during contact, below the 140° comfort range. Sustained sh...); Trunk leaning excessively (Torso lean measured at 146°, outside the 15°–65° tennis-specific range. Can shif...)"
forehand,10659,F_159.jpeg,164.19,102.08,137.2,122.36,113.32,70.39,97.54,40,Moderate,"Right elbow overly flexed (Angle dropped to 102° during contact, below the 140° comfort range. Sustained sh...); Trunk leaning excessively (Torso lean measured at 98°, outside the 15°–65° tennis-specific range. Can shift...)"
forehand,10668,F_168.jpeg,21.7,92.8,162.29,170.83,44.72,73.1,178.55,70,High,"Left elbow overly flexed (Angle dropped to 22° during contact, below the 140° comfort range. Sustained sha...); Right elbow overly flexed (Angle dropped to 93° during contact, below the 140° comfort range. Sustained sha...); Trunk leaning excessively (Torso lean measured at 179°, outside the 15°–65° tennis-specific range. Can shif...)"
forehand,10669,F_169.jpeg,23.92,170.13,154.98,176.7,24.48,114.38,179.97,40,Moderate,"Left elbow overly flexed (Angle dropped to 24° during contact, below the 140° comfort range. Sustained sha...); Trunk leaning excessively (Torso lean measured at 180°, outside the 15°–65° tennis-specific range. Can shif...)"
forehand,10697,F_197.jpeg,35.05,145.23,132.22,176.89,32.09,112.43,163.26,40,Moderate,"Left elbow overly flexed (Angle dropped to 35° during contact, below the 140° comfort range. Sustained sha...); Trunk leaning excessively (Torso lean measured at 163°, outside the 15°–65° tennis-specific range. Can shif...)"
forehand,10723,F_223.jpeg,140.06,99.48,99.67,109.6,27.36,41.73,98.63,40,Moderate,"Right elbow overly flexed (Angle dropped to 99° during contact, below the 140° comfort range. Sustained sha...); Trunk leaning excessively (Torso lean measured at 99°, outside the 15°–65° tennis-specific range. Can shift...)"
forehand,10724,F_224.jpeg,169.09,132.72,144.57,154.29,32.94,59.61,100.93,40,Moderate,"Right elbow overly flexed (Angle dropped to 133° during contact, below the 140° comfort range. Sustained sh...); Trunk leaning excessively (Torso lean measured at 101°, outside the 15°–65° tennis-specific range. Can shif...)"
forehand,10725,F_225.jpeg,163.5,150.13,158.45,162.12,39.18,76.74,91.92,10,Low,"Trunk leaning excessively (Torso lean measured at 92°, outside the 15°–65° tennis-specific range. Can shift...)"
forehand,10729,F_229.jpeg,125.33,69.59,101.15,96.49,80.44,34.56,95.37,70,High,"Left elbow overly flexed (Angle dropped to 125° during contact, below the 140° comfort range. Sustained sh...); Right elbow overly flexed (Angle dropped to 70° during contact, below the 140° comfort range. Sustained sha...); Trunk leaning excessively (Torso lean measured at 95°, outside the 15°–65° tennis-specific range. Can shift...)"
forehand,10758,F_258.jpeg,36.29,167.91,146.13,151.43,18.69,94.49,149.39,40,Moderate,"Left elbow overly flexed (Angle dropped to 36° during contact, below the 140° comfort range. Sustained sha...); Trunk leaning excessively (Torso lean measured at 149°, outside the 15°–65° tennis-specific range. Can shif...)"
forehand,10780,F_280.jpeg,97.47,77.54,145.03,173.34,58.11,59.38,164.65,70,High,"Left elbow overly flexed (Angle dropped to 97° during contact, below the 140° comfort range. Sustained sha...); Right elbow overly flexed (Angle dropped to 78° during contact, below the 140° comfort range. Sustained sha...); Trunk leaning excessively (Torso lean measured at 165°, outside the 15°–65° tennis-specific range. Can shif...)"
forehand,10782,F_282.jpeg,150.72,95.83,81.83,106.95,108.97,64.66,85.33,40,Moderate,"Right elbow overly flexed (Angle dropped to 96° during contact, below the 140° comfort range. Sustained sha...); Trunk leaning excessively (Torso lean measured at 85°, outside the 15°–65° tennis-specific range. Can shift...)"
forehand,10792,F_292.jpeg,147.32,95.59,131.57,122.77,100.24,63.91,109.79,40,Moderate,"Right elbow overly flexed (Angle dropped to 96° during contact, below the 140° comfort range. Sustained sha...); Trunk leaning excessively (Torso lean measured at 110°, outside the 15°–65° tennis-specific range. Can shif...)"
forehand,10793,F_293.jpeg,166.48,93.37,112.49,144.38,118.15,52.03,108.94,40,Moderate,"Right elbow overly flexed (Angle dropped to 93° during contact, below the 140° comfort range. Sustained sha...); Trunk leaning excessively (Torso lean measured at 109°, outside the 15°–65° tennis-specific range. Can shif...)"
forehand,10799,F_299.jpeg,81.64,175.62,118.61,158.54,4.21,74.31,151.14,40,Moderate,"Left elbow overly flexed (Angle dropped to 82° during contact, below the 140° comfort range. Sustained sha...); Trunk leaning excessively (Torso lean measured at 151°, outside the 15°–65° tennis-specific range. Can shif...)"
forehand,10821,F_321.jpeg,117.56,15.26,114.22,120.31,87.23,8.72,162.17,70,High,"Left elbow overly flexed (Angle dropped to 118° during contact, below the 140° comfort range. Sustained sh...); Right elbow overly flexed (Angle dropped to 15° during contact, below the 140° comfort range. Sustained sha...); Trunk leaning excessively (Torso lean measured at 162°, outside the 15°–65° tennis-specific range. Can shif...)"
forehand,10852,F_352.jpeg,156.21,48.99,85.82,125.58,106.66,16.15,113.4,40,Moderate,"Right elbow overly flexed (Angle dropped to 49° during contact, below the 140° comfort range. Sustained sha...); Trunk leaning excessively (Torso lean measured at 113°, outside the 15°–65° tennis-specific range. Can shif...)"
forehand,10854,F_354.jpeg,10.88,128.63,179.68,174.7,55.01,32.46,146.48,70,High,"Left elbow overly flexed (Angle dropped to 11° during contact, below the 140° comfort range. Sustained sha...); Right elbow overly flexed (Angle dropped to 129° during contact, below the 140° comfort range. Sustained sh...); Trunk leaning excessively (Torso lean measured at 146°, outside the 15°–65° tennis-specific range. Can shif...)"
forehand,10856,F_356.jpeg,41.04,156.42,146.27,147.57,24.32,105.99,171.77,40,Moderate,"Left elbow overly flexed (Angle dropped to 41° during contact, below the 140° comfort range. Sustained sha...); Trunk leaning excessively (Torso lean measured at 172°, outside the 15°–65° tennis-specific range. Can shif...)"
forehand,10867,F_367.jpeg,167.68,27.9,98.07,105.08,116.13,28.66,112.24,40,Moderate,"Right elbow overly flexed (Angle dropped to 28° during contact, below the 140° comfort range. Sustained sha...); Trunk leaning excessively (Torso lean measured at 112°, outside the 15°–65° tennis-specific range. Can shif...)"
forehand,10873,F_373.jpeg,161.87,115.82,169.71,109.91,97.91,32.19,82.78,40,Moderate,"Right elbow overly flexed (Angle dropped to 116° during contact, below the 140° comfort range. Sustained sh...); Trunk leaning excessively (Torso lean measured at 83°, outside the 15°–65° tennis-specific range. Can shift...)"
forehand,10882,F_382.jpeg,32.11,115.02,159.19,170.06,80.12,59.51,161.85,70,High,"Left elbow overly flexed (Angle dropped to 32° during contact, below the 140° comfort range. Sustained sha...); Right elbow overly flexed (Angle dropped to 115° during contact, below the 140° comfort range. Sustained sh...); Trunk leaning excessively (Torso lean measured at 162°, outside the 15°–65° tennis-specific range. Can shif...)"
forehand,10883,F_383.jpeg,64.03,108.51,153.86,175.43,44.54,126.61,156.62,70,High,"Left elbow overly flexed (Angle dropped to 64° during contact, below the 140° comfort range. Sustained sha...); Right elbow overly flexed (Angle dropped to 109° during contact, below the 140° comfort range. Sustained sh...); Trunk leaning excessively (Torso lean measured at 157°, outside the 15°–65° tennis-specific range. Can shif...)"
forehand,10884,F_384.jpeg,97.18,126.91,136.57,177.65,3.24,143.8,135.58,70,High,"Left elbow overly flexed (Angle dropped to 97° during contact, below the 140° comfort range. Sustained sha...); Right elbow overly flexed (Angle dropped to 127° during contact, below the 140° comfort range. Sustained sh...); Trunk leaning excessively (Torso lean measured at 136°, outside the 15°–65° tennis-specific range. Can shif...)"
forehand,10894,F_394.jpeg,24.15,138.61,165.41,179.56,34.86,69.31,179.44,70,High,"Left elbow overly flexed (Angle dropped to 24° during contact, below the 140° comfort range. Sustained sha...); Right elbow overly flexed (Angle dropped to 139° during contact, below the 140° comfort range. Sustained sh...); Trunk leaning excessively (Torso lean measured at 179°, outside the 15°–65° tennis-specific range. Can shif...)"
forehand,10905,F_405.jpeg,48.75,170.34,154.93,174.96,14.0,114.53,144.58,40,Moderate,"Left elbow overly flexed (Angle dropped to 49° during contact, below the 140° comfort range. Sustained sha...); Trunk leaning excessively (Torso lean measured at 145°, outside the 15°–65° tennis-specific range. Can shif...)"
forehand,10925,F_425.jpeg,152.52,104.16,103.55,90.61,103.71,70.72,95.16,40,Moderate,"Right elbow overly flexed (Angle dropped to 104° during contact, below the 140° comfort range. Sustained sh...); Trunk leaning excessively (Torso lean measured at 95°, outside the 15°–65° tennis-specific range. Can shift...)"
forehand,10927,F_427.jpeg,158.07,96.07,61.9,84.42,116.57,31.2,79.17,65,Moderate,"Right elbow overly flexed (Angle dropped to 96° during contact, below the 140° comfort range. Sustained sha...); Left knee deep bend (Knee angle reached 62°, well below the 80° threshold. Deep flexion under load ca...); Trunk leaning excessively (Torso lean measured at 79°, outside the 15°–65° tennis-specific range. Can shift...)"
forehand,10937,F_437.jpeg,162.01,101.74,89.17,83.72,120.23,43.67,98.14,40,Moderate,"Right elbow overly flexed (Angle dropped to 102° during contact, below the 140° comfort range. Sustained sh...); Trunk leaning excessively (Torso lean measured at 98°, outside the 15°–65° tennis-specific range. Can shift...)"
forehand,10940,F_440.jpeg,88.64,120.96,167.13,175.48,36.44,32.78,144.78,70,High,"Left elbow overly flexed (Angle dropped to 89° during contact, below the 140° comfort range. Sustained sha...); Right elbow overly flexed (Angle dropped to 121° during contact, below the 140° comfort range. Sustained sh...); Trunk leaning excessively (Torso lean measured at 145°, outside the 15°–65° tennis-specific range. Can shif...)"
forehand,10948,F_448.jpeg,3.49,118.24,138.5,143.64,47.86,27.23,141.74,70,High,"Left elbow overly flexed (Angle dropped to 3° during contact, below the 140° comfort range. Sustained shar...); Right elbow overly flexed (Angle dropped to 118° during contact, below the 140° comfort range. Sustained sh...); Trunk leaning excessively (Torso lean measured at 142°, outside the 15°–65° tennis-specific range. Can shif...)"
forehand,10949,F_449.jpeg,24.36,121.73,151.71,173.47,60.21,161.76,157.68,90,High,"Left elbow overly flexed (Angle dropped to 24° during contact, below the 140° comfort range. Sustained sha...); Right elbow overly flexed (Angle dropped to 122° during contact, below the 140° comfort range. Sustained sh...); Right shoulder in vulnerable position (Shoulder angle measured at 162°, exceeding the 160° safe limit. Overhead positio...); Trunk leaning excessively (Torso lean measured at 158°, outside the 15°–65° tennis-specific range. Can shif...)"
forehand,10956,F_456.jpeg,34.18,123.18,168.13,141.04,43.52,111.08,128.55,70,High,"Left elbow overly flexed (Angle dropped to 34° during contact, below the 140° comfort range. Sustained sha...); Right elbow overly flexed (Angle dropped to 123° during contact, below the 140° comfort range. Sustained sh...); Trunk leaning excessively (Torso lean measured at 129°, outside the 15°–65° tennis-specific range. Can shif...)"
forehand,10957,F_457.jpeg,86.82,117.82,170.92,173.91,21.34,125.03,132.69,70,High,"Left elbow overly flexed (Angle dropped to 87° during contact, below the 140° comfort range. Sustained sha...); Right elbow overly flexed (Angle dropped to 118° during contact, below the 140° comfort range. Sustained sh...); Trunk leaning excessively (Torso lean measured at 133°, outside the 15°–65° tennis-specific range. Can shif...)"
forehand,10965,F_465.jpeg,154.35,97.8,94.6,100.46,111.53,51.99,128.1,40,Moderate,"Right elbow overly flexed (Angle dropped to 98° during contact, below the 140° comfort range. Sustained sha...); Trunk leaning excessively (Torso lean measured at 128°, outside the 15°–65° tennis-specific range. Can shif...)"
forehand,10966,F_466.jpeg,160.36,78.41,94.4,96.18,106.33,9.8,81.34,40,Moderate,"Right elbow overly flexed (Angle dropped to 78° during contact, below the 140° comfort range. Sustained sha...); Trunk leaning excessively (Torso lean measured at 81°, outside the 15°–65° tennis-specific range. Can shift...)"
forehand,10980,F_480.jpeg,86.59,162.6,107.38,104.7,5.57,64.56,152.49,40,Moderate,"Left elbow overly flexed (Angle dropped to 87° during contact, below the 140° comfort range. Sustained sha...); Trunk leaning excessively (Torso lean measured at 152°, outside the 15°–65° tennis-specific range. Can shif...)"
forehand,10985,F_485.jpeg,132.6,22.29,148.5,120.53,90.66,26.19,85.4,70,High,"Left elbow overly flexed (Angle dropped to 133° during contact, below the 140° comfort range. Sustained sh...); Right elbow overly flexed (Angle dropped to 22° during contact, below the 140° comfort range. Sustained sha...); Trunk leaning excessively (Torso lean measured at 85°, outside the 15°–65° tennis-specific range. Can shift...)"
forehand,10990,F_490.jpeg,150.0,99.16,148.88,159.77,60.98,158.74,178.38,40,Moderate,"Right elbow overly flexed (Angle dropped to 99° during contact, below the 140° comfort range. Sustained sha...); Trunk leaning excessively (Torso lean measured at 178°, outside the 15°–65° tennis-specific range. Can shif...)"
ready_position,11016,R_016.jpeg,129.39,171.06,179.76,178.64,17.78,8.9,153.63,40,Moderate,"Left elbow overly flexed (Angle dropped to 129° during contact, below the 140° comfort range. Sustained sh...); Trunk leaning excessively (Torso lean measured at 154°, outside the 15°–65° tennis-specific range. Can shif...)"
ready_position,11079,R_079.jpeg,88.07,90.19,107.52,92.7,41.65,25.47,87.59,70,High,"Left elbow overly flexed (Angle dropped to 88° during contact, below the 140° comfort range. Sustained sha...); Right elbow overly flexed (Angle dropped to 90° during contact, below the 140° comfort range. Sustained sha...); Trunk leaning excessively (Torso lean measured at 88°, outside the 15°–65° tennis-specific range. Can shift...)"
serve,11502,S_002.jpeg,165.48,90.89,175.06,141.14,45.43,20.59,174.55,40,Moderate,"Right elbow overly flexed (Angle dropped to 91° during contact, below the 140° comfort range. Sustained sha...); Trunk leaning excessively (Torso lean measured at 175°, outside the 15°–65° tennis-specific range. Can shif...)"
serve,11503,S_003.jpeg,170.0,50.19,156.72,130.69,116.16,1.94,168.7,40,Moderate,"Right elbow overly flexed (Angle dropped to 50° during contact, below the 140° comfort range. Sustained sha...); Trunk leaning excessively (Torso lean measured at 169°, outside the 15°–65° tennis-specific range. Can shif...)"
serve,11505,S_005.jpeg,178.26,34.22,136.12,97.92,163.01,31.6,173.42,60,Moderate,"Right elbow overly flexed (Angle dropped to 34° during contact, below the 140° comfort range. Sustained sha...); Left shoulder in vulnerable position (Shoulder angle measured at 163°, exceeding the 160° safe limit. Overhead positio...); Trunk leaning excessively (Torso lean measured at 173°, outside the 15°–65° tennis-specific range. Can shif...)"
serve,11506,S_006.jpeg,167.88,64.08,132.88,86.72,167.96,73.23,173.47,60,Moderate,"Right elbow overly flexed (Angle dropped to 64° during contact, below the 140° comfort range. Sustained sha...); Left shoulder in vulnerable position (Shoulder angle measured at 168°, exceeding the 160° safe limit. Overhead positio...); Trunk leaning excessively (Torso lean measured at 173°, outside the 15°–65° tennis-specific range. Can shif...)"
serve,11507,S_007.jpeg,154.98,72.81,130.12,82.52,143.95,73.23,177.46,40,Moderate,"Right elbow overly flexed (Angle dropped to 73° during contact, below the 140° comfort range. Sustained sha...); Trunk leaning excessively (Torso lean measured at 177°, outside the 15°–65° tennis-specific range. Can shif...)"
serve,11508,S_008.jpeg,141.73,69.85,176.09,126.41,16.83,1.68,162.38,40,Moderate,"Right elbow overly flexed (Angle dropped to 70° during contact, below the 140° comfort range. Sustained sha...); Trunk leaning excessively (Torso lean measured at 162°, outside the 15°–65° tennis-specific range. Can shif...)"
serve,11516,S_016.jpeg,170.22,26.57,151.21,95.24,157.79,27.26,172.18,40,Moderate,"Right elbow overly flexed (Angle dropped to 27° during contact, below the 140° comfort range. Sustained sha...); Trunk leaning excessively (Torso lean measured at 172°, outside the 15°–65° tennis-specific range. Can shif...)"
serve,11517,S_017.jpeg,169.19,52.63,130.41,89.78,166.46,53.52,176.14,60,Moderate,"Right elbow overly flexed (Angle dropped to 53° during contact, below the 140° comfort range. Sustained sha...); Left shoulder in vulnerable position (Shoulder angle measured at 166°, exceeding the 160° safe limit. Overhead positio...); Trunk leaning excessively (Torso lean measured at 176°, outside the 15°–65° tennis-specific range. Can shif...)"
serve,11518,S_018.jpeg,155.43,67.72,131.22,82.87,158.89,77.45,177.42,40,Moderate,"Right elbow overly flexed (Angle dropped to 68° during contact, below the 140° comfort range. Sustained sha...); Trunk leaning excessively (Torso lean measured at 177°, outside the 15°–65° tennis-specific range. Can shif...)"
serve,11519,S_019.jpeg,178.46,69.98,140.21,95.58,131.5,61.92,178.03,40,Moderate,"Right elbow overly flexed (Angle dropped to 70° during contact, below the 140° comfort range. Sustained sha...); Trunk leaning excessively (Torso lean measured at 178°, outside the 15°–65° tennis-specific range. Can shif...)"
serve,11522,S_022.jpeg,160.57,114.99,174.35,127.36,25.57,0.26,159.0,40,Moderate,"Right elbow overly flexed (Angle dropped to 115° during contact, below the 140° comfort range. Sustained sh...); Trunk leaning excessively (Torso lean measured at 159°, outside the 15°–65° tennis-specific range. Can shif...)"
serve,11523,S_023.jpeg,175.13,136.33,177.24,120.73,29.21,21.94,155.45,40,Moderate,"Right elbow overly flexed (Angle dropped to 136° during contact, below the 140° comfort range. Sustained sh...); Trunk leaning excessively (Torso lean measured at 155°, outside the 15°–65° tennis-specific range. Can shif...)"
serve,11524,S_024.jpeg,166.44,123.18,170.07,147.44,23.94,9.46,179.58,40,Moderate,"Right elbow overly flexed (Angle dropped to 123° during contact, below the 140° comfort range. Sustained sh...); Trunk leaning excessively (Torso lean measured at 180°, outside the 15°–65° tennis-specific range. Can shif...)"
serve,11525,S_025.jpeg,178.7,107.53,176.69,130.86,42.22,16.34,174.62,40,Moderate,"Right elbow overly flexed (Angle dropped to 108° during contact, below the 140° comfort range. Sustained sh...); Trunk leaning excessively (Torso lean measured at 175°, outside the 15°–65° tennis-specific range. Can shif...)"
serve,11526,S_026.jpeg,178.85,66.31,173.94,141.82,68.22,5.67,157.39,40,Moderate,"Right elbow overly flexed (Angle dropped to 66° during contact, below the 140° comfort range. Sustained sha...); Trunk leaning excessively (Torso lean measured at 157°, outside the 15°–65° tennis-specific range. Can shif...)"
serve,11527,S_027.jpeg,167.68,13.44,158.44,119.19,121.06,21.63,169.93,40,Moderate,"Right elbow overly flexed (Angle dropped to 13° during contact, below the 140° comfort range. Sustained sha...); Trunk leaning excessively (Torso lean measured at 170°, outside the 15°–65° tennis-specific range. Can shif...)"
serve,11528,S_028.jpeg,178.07,39.4,130.26,88.97,153.78,51.03,175.71,40,Moderate,"Right elbow overly flexed (Angle dropped to 39° during contact, below the 140° comfort range. Sustained sha...); Trunk leaning excessively (Torso lean measured at 176°, outside the 15°–65° tennis-specific range. Can shif...)"
serve,11530,S_030.jpeg,153.08,78.08,96.71,97.45,164.42,99.55,163.4,60,Moderate,"Right elbow overly flexed (Angle dropped to 78° during contact, below the 140° comfort range. Sustained sha...); Left shoulder in vulnerable position (Shoulder angle measured at 164°, exceeding the 160° safe limit. Overhead positio...); Trunk leaning excessively (Torso lean measured at 163°, outside the 15°–65° tennis-specific range. Can shif...)"
serve,11536,S_036.jpeg,169.29,141.52,178.78,117.87,27.1,19.45,153.79,10,Low,"Trunk leaning excessively (Torso lean measured at 154°, outside the 15°–65° tennis-specific range. Can shif...)"
serve,11537,S_037.jpeg,172.46,123.54,179.95,125.12,24.61,9.72,163.09,40,Moderate,"Right elbow overly flexed (Angle dropped to 124° during contact, below the 140° comfort range. Sustained sh...); Trunk leaning excessively (Torso lean measured at 163°, outside the 15°–65° tennis-specific range. Can shif...)"
serve,11538,S_038.jpeg,168.64,128.87,173.91,136.0,24.72,18.3,174.32,40,Moderate,"Right elbow overly flexed (Angle dropped to 129° during contact, below the 140° comfort range. Sustained sh...); Trunk leaning excessively (Torso lean measured at 174°, outside the 15°–65° tennis-specific range. Can shif...)"
serve,11539,S_039.jpeg,173.66,109.87,175.77,135.48,34.41,17.89,176.35,40,Moderate,"Right elbow overly flexed (Angle dropped to 110° during contact, below the 140° comfort range. Sustained sh...); Trunk leaning excessively (Torso lean measured at 176°, outside the 15°–65° tennis-specific range. Can shif...)"
serve,11540,S_040.jpeg,164.52,88.05,177.69,152.4,51.63,7.49,160.22,40,Moderate,"Right elbow overly flexed (Angle dropped to 88° during contact, below the 140° comfort range. Sustained sha...); Trunk leaning excessively (Torso lean measured at 160°, outside the 15°–65° tennis-specific range. Can shif...)"
serve,11541,S_041.jpeg,177.27,24.88,163.35,133.05,118.78,25.23,156.44,40,Moderate,"Right elbow overly flexed (Angle dropped to 25° during contact, below the 140° comfort range. Sustained sha...); Trunk leaning excessively (Torso lean measured at 156°, outside the 15°–65° tennis-specific range. Can shif...)"
serve,11542,S_042.jpeg,169.23,46.88,130.43,97.68,149.22,61.03,178.84,40,Moderate,"Right elbow overly flexed (Angle dropped to 47° during contact, below the 140° comfort range. Sustained sha...); Trunk leaning excessively (Torso lean measured at 179°, outside the 15°–65° tennis-specific range. Can shif...)"
serve,11545,S_045.jpeg,168.6,68.5,98.55,89.83,158.58,82.91,169.25,40,Moderate,"Right elbow overly flexed (Angle dropped to 68° during contact, below the 140° comfort range. Sustained sha...); Trunk leaning excessively (Torso lean measured at 169°, outside the 15°–65° tennis-specific range. Can shif...)"
serve,11552,S_052.jpeg,177.74,92.43,177.57,142.64,62.26,15.78,169.21,40,Moderate,"Right elbow overly flexed (Angle dropped to 92° during contact, below the 140° comfort range. Sustained sha...); Trunk leaning excessively (Torso lean measured at 169°, outside the 15°–65° tennis-specific range. Can shif...)"
serve,11553,S_053.jpeg,175.52,50.09,154.6,135.83,129.38,4.43,168.97,40,Moderate,"Right elbow overly flexed (Angle dropped to 50° during contact, below the 140° comfort range. Sustained sha...); Trunk leaning excessively (Torso lean measured at 169°, outside the 15°–65° tennis-specific range. Can shif...)"
serve,11555,S_055.jpeg,180.0,43.98,146.43,91.99,168.31,50.83,170.52,60,Moderate,"Right elbow overly flexed (Angle dropped to 44° during contact, below the 140° comfort range. Sustained sha...); Left shoulder in vulnerable position (Shoulder angle measured at 168°, exceeding the 160° safe limit. Overhead positio...); Trunk leaning excessively (Torso lean measured at 171°, outside the 15°–65° tennis-specific range. Can shif...)"
serve,11557,S_057.jpeg,172.41,74.48,125.92,89.93,164.67,72.65,177.54,60,Moderate,"Right elbow overly flexed (Angle dropped to 74° during contact, below the 140° comfort range. Sustained sha...); Left shoulder in vulnerable position (Shoulder angle measured at 165°, exceeding the 160° safe limit. Overhead positio...); Trunk leaning excessively (Torso lean measured at 178°, outside the 15°–65° tennis-specific range. Can shif...)"
serve,11564,S_064.jpeg,170.34,102.06,178.81,131.08,45.07,26.84,178.03,40,Moderate,"Right elbow overly flexed (Angle dropped to 102° during contact, below the 140° comfort range. Sustained sh...); Trunk leaning excessively (Torso lean measured at 178°, outside the 15°–65° tennis-specific range. Can shif...)"
serve,11565,S_065.jpeg,172.02,76.1,170.59,134.09,102.99,15.86,171.54,40,Moderate,"Right elbow overly flexed (Angle dropped to 76° during contact, below the 140° comfort range. Sustained sha...); Trunk leaning excessively (Torso lean measured at 172°, outside the 15°–65° tennis-specific range. Can shif...)"
serve,11575,S_075.jpeg,179.54,115.37,162.84,136.57,32.08,24.69,167.94,40,Moderate,"Right elbow overly flexed (Angle dropped to 115° during contact, below the 140° comfort range. Sustained sh...); Trunk leaning excessively (Torso lean measured at 168°, outside the 15°–65° tennis-specific range. Can shif...)"
serve,11577,S_077.jpeg,172.92,54.77,165.96,120.75,112.68,9.43,174.48,40,Moderate,"Right elbow overly flexed (Angle dropped to 55° during contact, below the 140° comfort range. Sustained sha...); Trunk leaning excessively (Torso lean measured at 174°, outside the 15°–65° tennis-specific range. Can shif...)"
serve,11579,S_079.jpeg,179.65,29.57,136.69,99.32,168.54,31.0,170.89,60,Moderate,"Right elbow overly flexed (Angle dropped to 30° during contact, below the 140° comfort range. Sustained sha...); Left shoulder in vulnerable position (Shoulder angle measured at 169°, exceeding the 160° safe limit. Overhead positio...); Trunk leaning excessively (Torso lean measured at 171°, outside the 15°–65° tennis-specific range. Can shif...)"
serve,11581,S_081.jpeg,151.44,63.26,121.69,87.53,147.9,75.87,171.82,40,Moderate,"Right elbow overly flexed (Angle dropped to 63° during contact, below the 140° comfort range. Sustained sha...); Trunk leaning excessively (Torso lean measured at 172°, outside the 15°–65° tennis-specific range. Can shif...)"
serve,11582,S_082.jpeg,164.39,76.89,144.58,117.61,81.83,43.02,165.96,40,Moderate,"Right elbow overly flexed (Angle dropped to 77° during contact, below the 140° comfort range. Sustained sha...); Trunk leaning excessively (Torso lean measured at 166°, outside the 15°–65° tennis-specific range. Can shif...)"
serve,11589,S_089.jpeg,172.27,79.53,168.19,132.2,98.53,14.33,168.49,40,Moderate,"Right elbow overly flexed (Angle dropped to 80° during contact, below the 140° comfort range. Sustained sha...); Trunk leaning excessively (Torso lean measured at 168°, outside the 15°–65° tennis-specific range. Can shif...)"
serve,11592,S_092.jpeg,167.76,39.81,129.42,89.68,160.32,47.01,178.64,60,Moderate,"Right elbow overly flexed (Angle dropped to 40° during contact, below the 140° comfort range. Sustained sha...); Left shoulder in vulnerable position (Shoulder angle measured at 160°, exceeding the 160° safe limit. Overhead positio...); Trunk leaning excessively (Torso lean measured at 179°, outside the 15°–65° tennis-specific range. Can shif...)"
serve,11593,S_093.jpeg,165.65,59.04,128.45,89.42,157.95,65.35,176.88,40,Moderate,"Right elbow overly flexed (Angle dropped to 59° during contact, below the 140° comfort range. Sustained sha...); Trunk leaning excessively (Torso lean measured at 177°, outside the 15°–65° tennis-specific range. Can shif...)"
serve,11594,S_094.jpeg,162.12,66.83,142.53,97.52,133.8,50.66,176.46,40,Moderate,"Right elbow overly flexed (Angle dropped to 67° during contact, below the 140° comfort range. Sustained sha...); Trunk leaning excessively (Torso lean measured at 176°, outside the 15°–65° tennis-specific range. Can shif...)"
serve,11602,S_102.jpeg,174.79,105.71,174.99,146.15,57.77,20.29,176.63,40,Moderate,"Right elbow overly flexed (Angle dropped to 106° during contact, below the 140° comfort range. Sustained sh...); Trunk leaning excessively (Torso lean measured at 177°, outside the 15°–65° tennis-specific range. Can shif...)"
serve,11603,S_103.jpeg,173.25,55.87,174.85,138.26,105.43,3.07,167.47,40,Moderate,"Right elbow overly flexed (Angle dropped to 56° during contact, below the 140° comfort range. Sustained sha...); Trunk leaning excessively (Torso lean measured at 167°, outside the 15°–65° tennis-specific range. Can shif...)"
serve,11608,S_108.jpeg,177.6,66.96,132.65,104.67,129.2,40.93,175.87,40,Moderate,"Right elbow overly flexed (Angle dropped to 67° during contact, below the 140° comfort range. Sustained sha...); Trunk leaning excessively (Torso lean measured at 176°, outside the 15°–65° tennis-specific range. Can shif...)"
serve,11619,S_119.jpeg,165.96,56.02,133.25,91.49,164.05,60.07,176.45,60,Moderate,"Right elbow overly flexed (Angle dropped to 56° during contact, below the 140° comfort range. Sustained sha...); Left shoulder in vulnerable position (Shoulder angle measured at 164°, exceeding the 160° safe limit. Overhead positio...); Trunk leaning excessively (Torso lean measured at 176°, outside the 15°–65° tennis-specific range. Can shif...)"
serve,11620,S_120.jpeg,168.06,63.43,122.42,84.25,157.32,72.55,171.79,40,Moderate,"Right elbow overly flexed (Angle dropped to 63° during contact, below the 140° comfort range. Sustained sha...); Trunk leaning excessively (Torso lean measured at 172°, outside the 15°–65° tennis-specific range. Can shif...)"
serve,11621,S_121.jpeg,176.51,55.73,144.64,118.85,95.4,30.25,171.28,40,Moderate,"Right elbow overly flexed (Angle dropped to 56° during contact, below the 140° comfort range. Sustained sha...); Trunk leaning excessively (Torso lean measured at 171°, outside the 15°–65° tennis-specific range. Can shif...)"
serve,11627,S_127.jpeg,178.28,139.97,176.12,140.43,30.68,13.19,166.6,40,Moderate,"Right elbow overly flexed (Angle dropped to 140° during contact, below the 140° comfort range. Sustained sh...); Trunk leaning excessively (Torso lean measured at 167°, outside the 15°–65° tennis-specific range. Can shif...)"
serve,11628,S_128.jpeg,176.08,128.63,170.43,144.48,31.48,3.46,177.61,40,Moderate,"Right elbow overly flexed (Angle dropped to 129° during contact, below the 140° comfort range. Sustained sh...); Trunk leaning excessively (Torso lean measured at 178°, outside the 15°–65° tennis-specific range. Can shif...)"
serve,11629,S_129.jpeg,179.53,64.31,174.0,152.85,53.17,26.36,160.85,40,Moderate,"Right elbow overly flexed (Angle dropped to 64° during contact, below the 140° comfort range. Sustained sha...); Trunk leaning excessively (Torso lean measured at 161°, outside the 15°–65° tennis-specific range. Can shif...)"
serve,11630,S_130.jpeg,170.82,3.19,154.22,125.96,100.62,45.33,163.8,40,Moderate,"Right elbow overly flexed (Angle dropped to 3° during contact, below the 140° comfort range. Sustained shar...); Trunk leaning excessively (Torso lean measured at 164°, outside the 15°–65° tennis-specific range. Can shif...)"
serve,11631,S_131.jpeg,169.37,62.61,135.07,119.47,137.37,67.05,170.72,40,Moderate,"Right elbow overly flexed (Angle dropped to 63° during contact, below the 140° comfort range. Sustained sha...); Trunk leaning excessively (Torso lean measured at 171°, outside the 15°–65° tennis-specific range. Can shif...)"
serve,11632,S_132.jpeg,173.45,64.22,122.81,111.92,157.17,77.83,165.25,40,Moderate,"Right elbow overly flexed (Angle dropped to 64° during contact, below the 140° comfort range. Sustained sha...); Trunk leaning excessively (Torso lean measured at 165°, outside the 15°–65° tennis-specific range. Can shif...)"
serve,11633,S_133.jpeg,156.01,70.56,114.59,110.06,156.78,85.6,161.18,40,Moderate,"Right elbow overly flexed (Angle dropped to 71° during contact, below the 140° comfort range. Sustained sha...); Trunk leaning excessively (Torso lean measured at 161°, outside the 15°–65° tennis-specific range. Can shif...)"
serve,11634,S_134.jpeg,172.95,71.66,127.83,111.77,112.75,71.63,165.12,40,Moderate,"Right elbow overly flexed (Angle dropped to 72° during contact, below the 140° comfort range. Sustained sha...); Trunk leaning excessively (Torso lean measured at 165°, outside the 15°–65° tennis-specific range. Can shif...)"
serve,11637,S_137.jpeg,130.25,140.82,152.85,79.05,33.07,16.72,175.92,65,Moderate,"Left elbow overly flexed (Angle dropped to 130° during contact, below the 140° comfort range. Sustained sh...); Right knee deep bend (Knee angle reached 79°, well below the 80° threshold. Deep flexion under load ca...); Trunk leaning excessively (Torso lean measured at 176°, outside the 15°–65° tennis-specific range. Can shif...)"
serve,11639,S_139.jpeg,169.53,148.53,171.7,125.68,43.23,49.44,143.2,10,Low,"Trunk leaning excessively (Torso lean measured at 143°, outside the 15°–65° tennis-specific range. Can shif...)"
serve,11642,S_142.jpeg,171.87,110.0,175.03,132.94,43.53,25.66,166.0,40,Moderate,"Right elbow overly flexed (Angle dropped to 110° during contact, below the 140° comfort range. Sustained sh...); Trunk leaning excessively (Torso lean measured at 166°, outside the 15°–65° tennis-specific range. Can shif...)"
serve,11644,S_144.jpeg,178.36,45.94,160.02,130.6,134.2,3.1,171.49,40,Moderate,"Right elbow overly flexed (Angle dropped to 46° during contact, below the 140° comfort range. Sustained sha...); Trunk leaning excessively (Torso lean measured at 171°, outside the 15°–65° tennis-specific range. Can shif...)"
serve,11646,S_146.jpeg,175.91,39.93,138.92,96.91,170.83,35.95,167.55,60,Moderate,"Right elbow overly flexed (Angle dropped to 40° during contact, below the 140° comfort range. Sustained sha...); Left shoulder in vulnerable position (Shoulder angle measured at 171°, exceeding the 160° safe limit. Overhead positio...); Trunk leaning excessively (Torso lean measured at 168°, outside the 15°–65° tennis-specific range. Can shif...)"
serve,11647,S_147.jpeg,166.39,53.43,119.14,82.41,171.82,58.98,169.29,60,Moderate,"Right elbow overly flexed (Angle dropped to 53° during contact, below the 140° comfort range. Sustained sha...); Left shoulder in vulnerable position (Shoulder angle measured at 172°, exceeding the 160° safe limit. Overhead positio...); Trunk leaning excessively (Torso lean measured at 169°, outside the 15°–65° tennis-specific range. Can shif...)"
serve,11649,S_149.jpeg,174.73,148.54,169.81,126.34,39.9,40.57,152.2,10,Low,"Trunk leaning excessively (Torso lean measured at 152°, outside the 15°–65° tennis-specific range. Can shif...)"
serve,11650,S_150.jpeg,105.71,66.97,169.61,145.19,4.4,6.27,168.18,70,High,"Left elbow overly flexed (Angle dropped to 106° during contact, below the 140° comfort range. Sustained sh...); Right elbow overly flexed (Angle dropped to 67° during contact, below the 140° comfort range. Sustained sha...); Trunk leaning excessively (Torso lean measured at 168°, outside the 15°–65° tennis-specific range. Can shif...)"
serve,11653,S_153.jpeg,169.0,141.7,168.69,131.52,40.44,34.58,157.6,10,Low,"Trunk leaning excessively (Torso lean measured at 158°, outside the 15°–65° tennis-specific range. Can shif...)"
serve,11654,S_154.jpeg,166.33,143.55,167.15,128.93,44.61,39.03,164.01,10,Low,"Trunk leaning excessively (Torso lean measured at 164°, outside the 15°–65° tennis-specific range. Can shif...)"
serve,11655,S_155.jpeg,178.26,150.33,177.65,137.07,46.18,43.19,169.13,10,Low,"Trunk leaning excessively (Torso lean measured at 169°, outside the 15°–65° tennis-specific range. Can shif...)"
serve,11656,S_156.jpeg,170.41,143.51,176.69,138.64,52.0,39.89,178.33,10,Low,"Trunk leaning excessively (Torso lean measured at 178°, outside the 15°–65° tennis-specific range. Can shif...)"
serve,11657,S_157.jpeg,178.48,125.97,174.6,129.14,35.33,29.39,154.64,40,Moderate,"Right elbow overly flexed (Angle dropped to 126° during contact, below the 140° comfort range. Sustained sh...); Trunk leaning excessively (Torso lean measured at 155°, outside the 15°–65° tennis-specific range. Can shif...)"
serve,11658,S_158.jpeg,175.75,105.42,172.54,123.19,50.44,30.35,161.13,40,Moderate,"Right elbow overly flexed (Angle dropped to 105° during contact, below the 140° comfort range. Sustained sh...); Trunk leaning excessively (Torso lean measured at 161°, outside the 15°–65° tennis-specific range. Can shif...)"
serve,11659,S_159.jpeg,170.13,67.01,166.66,138.37,93.37,14.52,174.82,40,Moderate,"Right elbow overly flexed (Angle dropped to 67° during contact, below the 140° comfort range. Sustained sha...); Trunk leaning excessively (Torso lean measured at 175°, outside the 15°–65° tennis-specific range. Can shif...)"
serve,11662,S_162.jpeg,170.14,47.15,131.63,91.79,165.77,52.77,172.84,60,Moderate,"Right elbow overly flexed (Angle dropped to 47° during contact, below the 140° comfort range. Sustained sha...); Left shoulder in vulnerable position (Shoulder angle measured at 166°, exceeding the 160° safe limit. Overhead positio...); Trunk leaning excessively (Torso lean measured at 173°, outside the 15°–65° tennis-specific range. Can shif...)"
serve,11664,S_164.jpeg,171.89,117.9,164.12,130.33,105.64,23.5,170.55,40,Moderate,"Right elbow overly flexed (Angle dropped to 118° during contact, below the 140° comfort range. Sustained sh...); Trunk leaning excessively (Torso lean measured at 171°, outside the 15°–65° tennis-specific range. Can shif...)"
serve,11665,S_165.jpeg,168.74,70.22,140.22,94.69,127.07,50.76,179.8,40,Moderate,"Right elbow overly flexed (Angle dropped to 70° during contact, below the 140° comfort range. Sustained sha...); Trunk leaning excessively (Torso lean measured at 180°, outside the 15°–65° tennis-specific range. Can shif...)"
serve,11670,S_170.jpeg,167.5,51.04,141.08,113.42,145.8,6.74,178.18,40,Moderate,"Right elbow overly flexed (Angle dropped to 51° during contact, below the 140° comfort range. Sustained sha...); Trunk leaning excessively (Torso lean measured at 178°, outside the 15°–65° tennis-specific range. Can shif...)"
serve,11673,S_173.jpeg,128.88,61.39,98.56,100.4,151.94,64.7,169.38,70,High,"Left elbow overly flexed (Angle dropped to 129° during contact, below the 140° comfort range. Sustained sh...); Right elbow overly flexed (Angle dropped to 61° during contact, below the 140° comfort range. Sustained sha...); Trunk leaning excessively (Torso lean measured at 169°, outside the 15°–65° tennis-specific range. Can shif...)"
serve,11674,S_174.jpeg,176.01,82.87,108.57,106.71,136.77,53.13,163.36,40,Moderate,"Right elbow overly flexed (Angle dropped to 83° during contact, below the 140° comfort range. Sustained sha...); Trunk leaning excessively (Torso lean measured at 163°, outside the 15°–65° tennis-specific range. Can shif...)"
serve,11677,S_177.jpeg,136.01,175.43,169.42,38.61,32.92,94.17,144.42,65,Moderate,"Left elbow overly flexed (Angle dropped to 136° during contact, below the 140° comfort range. Sustained sh...); Right knee deep bend (Knee angle reached 39°, well below the 80° threshold. Deep flexion under load ca...); Trunk leaning excessively (Torso lean measured at 144°, outside the 15°–65° tennis-specific range. Can shif...)"
serve,11678,S_178.jpeg,154.5,139.09,154.37,10.62,29.53,84.34,134.43,65,Moderate,"Right elbow overly flexed (Angle dropped to 139° during contact, below the 140° comfort range. Sustained sh...); Right knee deep bend (Knee angle reached 11°, well below the 80° threshold. Deep flexion under load ca...); Trunk leaning excessively (Torso lean measured at 134°, outside the 15°–65° tennis-specific range. Can shif...)"
serve,11679,S_179.jpeg,179.01,139.19,171.48,114.24,39.81,40.02,149.43,40,Moderate,"Right elbow overly flexed (Angle dropped to 139° during contact, below the 140° comfort range. Sustained sh...); Trunk leaning excessively (Torso lean measured at 149°, outside the 15°–65° tennis-specific range. Can shif...)"
serve,11680,S_180.jpeg,179.67,148.03,171.12,125.78,38.69,42.81,157.53,10,Low,"Trunk leaning excessively (Torso lean measured at 158°, outside the 15°–65° tennis-specific range. Can shif...)"
serve,11682,S_182.jpeg,177.98,151.59,178.53,137.85,50.04,43.81,178.73,10,Low,"Trunk leaning excessively (Torso lean measured at 179°, outside the 15°–65° tennis-specific range. Can shif...)"
serve,11683,S_183.jpeg,170.07,137.15,152.13,128.29,108.94,42.08,175.44,40,Moderate,"Right elbow overly flexed (Angle dropped to 137° during contact, below the 140° comfort range. Sustained sh...); Trunk leaning excessively (Torso lean measured at 175°, outside the 15°–65° tennis-specific range. Can shif...)"
serve,11684,S_184.jpeg,175.5,150.3,170.21,133.24,51.09,42.87,168.23,10,Low,"Trunk leaning excessively (Torso lean measured at 168°, outside the 15°–65° tennis-specific range. Can shif...)"
serve,11686,S_186.jpeg,179.53,14.19,128.96,100.64,165.57,7.23,166.23,60,Moderate,"Right elbow overly flexed (Angle dropped to 14° during contact, below the 140° comfort range. Sustained sha...); Left shoulder in vulnerable position (Shoulder angle measured at 166°, exceeding the 160° safe limit. Overhead positio...); Trunk leaning excessively (Torso lean measured at 166°, outside the 15°–65° tennis-specific range. Can shif...)"
serve,11687,S_187.jpeg,170.54,43.67,119.32,88.24,165.96,42.95,168.24,60,Moderate,"Right elbow overly flexed (Angle dropped to 44° during contact, below the 140° comfort range. Sustained sha...); Left shoulder in vulnerable position (Shoulder angle measured at 166°, exceeding the 160° safe limit. Overhead positio...); Trunk leaning excessively (Torso lean measured at 168°, outside the 15°–65° tennis-specific range. Can shif...)"
serve,11695,S_195.jpeg,169.5,140.55,178.53,142.88,61.04,34.81,176.41,10,Low,"Trunk leaning excessively (Torso lean measured at 176°, outside the 15°–65° tennis-specific range. Can shif...)"
serve,11696,S_196.jpeg,166.48,134.28,173.21,141.13,76.31,32.8,160.67,40,Moderate,"Right elbow overly flexed (Angle dropped to 134° during contact, below the 140° comfort range. Sustained sh...); Trunk leaning excessively (Torso lean measured at 161°, outside the 15°–65° tennis-specific range. Can shif...)"
serve,11697,S_197.jpeg,174.21,101.42,153.16,118.4,121.23,13.39,172.53,40,Moderate,"Right elbow overly flexed (Angle dropped to 101° during contact, below the 140° comfort range. Sustained sh...); Trunk leaning excessively (Torso lean measured at 173°, outside the 15°–65° tennis-specific range. Can shif...)"
serve,11698,S_198.jpeg,171.33,31.66,129.67,118.35,148.75,25.66,173.93,40,Moderate,"Right elbow overly flexed (Angle dropped to 32° during contact, below the 140° comfort range. Sustained sha...); Trunk leaning excessively (Torso lean measured at 174°, outside the 15°–65° tennis-specific range. Can shif...)"
serve,11702,S_202.jpeg,157.65,66.51,100.97,97.49,166.3,65.36,170.5,60,Moderate,"Right elbow overly flexed (Angle dropped to 67° during contact, below the 140° comfort range. Sustained sha...); Left shoulder in vulnerable position (Shoulder angle measured at 166°, exceeding the 160° safe limit. Overhead positio...); Trunk leaning excessively (Torso lean measured at 171°, outside the 15°–65° tennis-specific range. Can shif...)"
serve,11703,S_203.jpeg,146.89,67.42,98.84,100.57,160.55,67.32,165.18,60,Moderate,"Right elbow overly flexed (Angle dropped to 67° during contact, below the 140° comfort range. Sustained sha...); Left shoulder in vulnerable position (Shoulder angle measured at 161°, exceeding the 160° safe limit. Overhead positio...); Trunk leaning excessively (Torso lean measured at 165°, outside the 15°–65° tennis-specific range. Can shif...)"
serve,11705,S_205.jpeg,166.65,64.39,93.64,90.99,158.46,60.64,176.76,40,Moderate,"Right elbow overly flexed (Angle dropped to 64° during contact, below the 140° comfort range. Sustained sha...); Trunk leaning excessively (Torso lean measured at 177°, outside the 15°–65° tennis-specific range. Can shif...)"
serve,11716,S_216.jpeg,172.79,77.44,112.48,108.23,126.79,48.8,161.13,40,Moderate,"Right elbow overly flexed (Angle dropped to 77° during contact, below the 140° comfort range. Sustained sha...); Trunk leaning excessively (Torso lean measured at 161°, outside the 15°–65° tennis-specific range. Can shif...)"
serve,11717,S_217.jpeg,173.85,143.49,178.57,135.04,57.9,41.55,179.69,10,Low,"Trunk leaning excessively (Torso lean measured at 180°, outside the 15°–65° tennis-specific range. Can shif...)"
serve,11718,S_218.jpeg,167.02,117.51,155.4,124.92,122.42,33.24,171.65,40,Moderate,"Right elbow overly flexed (Angle dropped to 118° during contact, below the 140° comfort range. Sustained sh...); Trunk leaning excessively (Torso lean measured at 172°, outside the 15°–65° tennis-specific range. Can shif...)"
serve,11720,S_220.jpeg,177.61,26.29,129.71,100.02,169.77,31.43,168.69,60,Moderate,"Right elbow overly flexed (Angle dropped to 26° during contact, below the 140° comfort range. Sustained sha...); Left shoulder in vulnerable position (Shoulder angle measured at 170°, exceeding the 160° safe limit. Overhead positio...); Trunk leaning excessively (Torso lean measured at 169°, outside the 15°–65° tennis-specific range. Can shif...)"
serve,11723,S_223.jpeg,172.05,53.37,132.7,105.13,115.87,14.48,174.03,40,Moderate,"Right elbow overly flexed (Angle dropped to 53° during contact, below the 140° comfort range. Sustained sha...); Trunk leaning excessively (Torso lean measured at 174°, outside the 15°–65° tennis-specific range. Can shif...)"
serve,11726,S_226.jpeg,142.45,66.04,159.15,32.35,15.61,36.81,159.16,65,Moderate,"Right elbow overly flexed (Angle dropped to 66° during contact, below the 140° comfort range. Sustained sha...); Right knee deep bend (Knee angle reached 32°, well below the 80° threshold. Deep flexion under load ca...); Trunk leaning excessively (Torso lean measured at 159°, outside the 15°–65° tennis-specific range. Can shif...)"
serve,11727,S_227.jpeg,147.77,71.6,164.7,129.25,29.12,11.58,158.4,40,Moderate,"Right elbow overly flexed (Angle dropped to 72° during contact, below the 140° comfort range. Sustained sha...); Trunk leaning excessively (Torso lean measured at 158°, outside the 15°–65° tennis-specific range. Can shif...)"
serve,11728,S_228.jpeg,164.36,130.96,163.13,47.79,33.31,32.75,172.71,65,Moderate,"Right elbow overly flexed (Angle dropped to 131° during contact, below the 140° comfort range. Sustained sh...); Right knee deep bend (Knee angle reached 48°, well below the 80° threshold. Deep flexion under load ca...); Trunk leaning excessively (Torso lean measured at 173°, outside the 15°–65° tennis-specific range. Can shif...)"
serve,11735,S_235.jpeg,157.85,154.41,161.53,13.5,37.05,80.59,155.61,35,Low,"Right knee deep bend (Knee angle reached 14°, well below the 80° threshold. Deep flexion under load ca...); Trunk leaning excessively (Torso lean measured at 156°, outside the 15°–65° tennis-specific range. Can shif...)"
serve,11736,S_236.jpeg,160.0,139.86,158.41,9.16,32.02,79.99,139.63,65,Moderate,"Right elbow overly flexed (Angle dropped to 140° during contact, below the 140° comfort range. Sustained sh...); Right knee deep bend (Knee angle reached 9°, well below the 80° threshold. Deep flexion under load can...); Trunk leaning excessively (Torso lean measured at 140°, outside the 15°–65° tennis-specific range. Can shif...)"
serve,11737,S_237.jpeg,154.9,136.97,172.56,5.3,33.86,83.41,137.42,65,Moderate,"Right elbow overly flexed (Angle dropped to 137° during contact, below the 140° comfort range. Sustained sh...); Right knee deep bend (Knee angle reached 5°, well below the 80° threshold. Deep flexion under load can...); Trunk leaning excessively (Torso lean measured at 137°, outside the 15°–65° tennis-specific range. Can shif...)"
serve,11744,S_244.jpeg,171.48,170.2,158.47,145.08,11.89,3.94,161.1,10,Low,"Trunk leaning excessively (Torso lean measured at 161°, outside the 15°–65° tennis-specific range. Can shif...)"
serve,11747,S_247.jpeg,45.61,173.86,114.19,115.59,35.89,168.54,140.12,60,Moderate,"Left elbow overly flexed (Angle dropped to 46° during contact, below the 140° comfort range. Sustained sha...); Right shoulder in vulnerable position (Shoulder angle measured at 169°, exceeding the 160° safe limit. Overhead positio...); Trunk leaning excessively (Torso lean measured at 140°, outside the 15°–65° tennis-specific range. Can shif...)"
serve,11756,S_256.jpeg,180.0,152.76,176.04,132.78,47.58,44.35,158.52,10,Low,"Trunk leaning excessively (Torso lean measured at 159°, outside the 15°–65° tennis-specific range. Can shif...)"
serve,11757,S_257.jpeg,175.21,129.14,171.98,137.47,55.68,30.69,172.41,40,Moderate,"Right elbow overly flexed (Angle dropped to 129° during contact, below the 140° comfort range. Sustained sh...); Trunk leaning excessively (Torso lean measured at 172°, outside the 15°–65° tennis-specific range. Can shif...)"
serve,11758,S_258.jpeg,179.22,139.41,165.1,147.23,83.23,34.62,161.91,40,Moderate,"Right elbow overly flexed (Angle dropped to 139° during contact, below the 140° comfort range. Sustained sh...); Trunk leaning excessively (Torso lean measured at 162°, outside the 15°–65° tennis-specific range. Can shif...)"
serve,11759,S_259.jpeg,161.01,64.7,147.96,123.79,129.45,11.28,169.08,40,Moderate,"Right elbow overly flexed (Angle dropped to 65° during contact, below the 140° comfort range. Sustained sha...); Trunk leaning excessively (Torso lean measured at 169°, outside the 15°–65° tennis-specific range. Can shif...)"
serve,11763,S_263.jpeg,158.26,72.5,103.7,108.18,146.19,46.21,158.0,40,Moderate,"Right elbow overly flexed (Angle dropped to 72° during contact, below the 140° comfort range. Sustained sha...); Trunk leaning excessively (Torso lean measured at 158°, outside the 15°–65° tennis-specific range. Can shif...)"
serve,11764,S_264.jpeg,148.8,81.69,144.27,146.33,35.07,26.1,148.46,40,Moderate,"Right elbow overly flexed (Angle dropped to 82° during contact, below the 140° comfort range. Sustained sha...); Trunk leaning excessively (Torso lean measured at 148°, outside the 15°–65° tennis-specific range. Can shif...)"
serve,11767,S_267.jpeg,168.74,153.05,139.35,31.87,31.73,109.39,120.15,35,Low,"Right knee deep bend (Knee angle reached 32°, well below the 80° threshold. Deep flexion under load ca...); Trunk leaning excessively (Torso lean measured at 120°, outside the 15°–65° tennis-specific range. Can shif...)"
serve,11768,S_268.jpeg,177.86,153.43,152.44,38.44,36.8,104.04,124.83,35,Low,"Right knee deep bend (Knee angle reached 38°, well below the 80° threshold. Deep flexion under load ca...); Trunk leaning excessively (Torso lean measured at 125°, outside the 15°–65° tennis-specific range. Can shif...)"
serve,11769,S_269.jpeg,175.76,35.73,117.57,93.1,177.99,39.42,163.18,60,Moderate,"Right elbow overly flexed (Angle dropped to 36° during contact, below the 140° comfort range. Sustained sha...); Left shoulder in vulnerable position (Shoulder angle measured at 178°, exceeding the 160° safe limit. Overhead positio...); Trunk leaning excessively (Torso lean measured at 163°, outside the 15°–65° tennis-specific range. Can shif...)"
serve,11777,S_277.jpeg,169.78,113.01,152.23,135.64,102.86,28.36,174.21,40,Moderate,"Right elbow overly flexed (Angle dropped to 113° during contact, below the 140° comfort range. Sustained sh...); Trunk leaning excessively (Torso lean measured at 174°, outside the 15°–65° tennis-specific range. Can shif...)"
serve,11779,S_279.jpeg,175.71,21.8,136.38,105.58,171.15,28.03,161.12,60,Moderate,"Right elbow overly flexed (Angle dropped to 22° during contact, below the 140° comfort range. Sustained sha...); Left shoulder in vulnerable position (Shoulder angle measured at 171°, exceeding the 160° safe limit. Overhead positio...); Trunk leaning excessively (Torso lean measured at 161°, outside the 15°–65° tennis-specific range. Can shif...)"
serve,11780,S_280.jpeg,173.35,49.4,125.75,92.83,172.37,50.06,173.6,60,Moderate,"Right elbow overly flexed (Angle dropped to 49° during contact, below the 140° comfort range. Sustained sha...); Left shoulder in vulnerable position (Shoulder angle measured at 172°, exceeding the 160° safe limit. Overhead positio...); Trunk leaning excessively (Torso lean measured at 174°, outside the 15°–65° tennis-specific range. Can shif...)"
serve,11785,S_285.jpeg,149.92,165.96,172.23,91.82,36.74,88.49,124.25,10,Low,"Trunk leaning excessively (Torso lean measured at 124°, outside the 15°–65° tennis-specific range. Can shif...)"
serve,11814,S_314.jpeg,166.31,167.92,144.8,21.32,24.21,113.57,107.42,35,Low,"Right knee deep bend (Knee angle reached 21°, well below the 80° threshold. Deep flexion under load ca...); Trunk leaning excessively (Torso lean measured at 107°, outside the 15°–65° tennis-specific range. Can shif...)"
serve,11815,S_315.jpeg,166.98,147.09,157.17,42.87,36.38,96.19,122.07,35,Low,"Right knee deep bend (Knee angle reached 43°, well below the 80° threshold. Deep flexion under load ca...); Trunk leaning excessively (Torso lean measured at 122°, outside the 15°–65° tennis-specific range. Can shif...)"
serve,11817,S_317.jpeg,176.26,77.07,168.9,142.59,92.15,12.71,173.78,40,Moderate,"Right elbow overly flexed (Angle dropped to 77° during contact, below the 140° comfort range. Sustained sha...); Trunk leaning excessively (Torso lean measured at 174°, outside the 15°–65° tennis-specific range. Can shif...)"
serve,11838,S_338.jpeg,155.72,98.03,170.86,14.68,37.54,10.62,171.99,65,Moderate,"Right elbow overly flexed (Angle dropped to 98° during contact, below the 140° comfort range. Sustained sha...); Right knee deep bend (Knee angle reached 15°, well below the 80° threshold. Deep flexion under load ca...); Trunk leaning excessively (Torso lean measured at 172°, outside the 15°–65° tennis-specific range. Can shif...)"
serve,11839,S_339.jpeg,151.36,100.42,167.48,140.45,25.34,5.54,168.15,40,Moderate,"Right elbow overly flexed (Angle dropped to 100° during contact, below the 140° comfort range. Sustained sh...); Trunk leaning excessively (Torso lean measured at 168°, outside the 15°–65° tennis-specific range. Can shif...)"
serve,11853,S_353.jpeg,179.45,25.35,144.59,123.99,144.72,49.6,167.31,40,Moderate,"Right elbow overly flexed (Angle dropped to 25° during contact, below the 140° comfort range. Sustained sha...); Trunk leaning excessively (Torso lean measured at 167°, outside the 15°–65° tennis-specific range. Can shif...)"
serve,11856,S_356.jpeg,152.89,81.17,100.78,104.43,170.19,98.91,159.61,60,Moderate,"Right elbow overly flexed (Angle dropped to 81° during contact, below the 140° comfort range. Sustained sha...); Left shoulder in vulnerable position (Shoulder angle measured at 170°, exceeding the 160° safe limit. Overhead positio...); Trunk leaning excessively (Torso lean measured at 160°, outside the 15°–65° tennis-specific range. Can shif...)"
serve,11865,S_365.jpeg,145.18,77.66,96.53,96.17,161.57,84.99,173.86,60,Moderate,"Right elbow overly flexed (Angle dropped to 78° during contact, below the 140° comfort range. Sustained sha...); Left shoulder in vulnerable position (Shoulder angle measured at 162°, exceeding the 160° safe limit. Overhead positio...); Trunk leaning excessively (Torso lean measured at 174°, outside the 15°–65° tennis-specific range. Can shif...)"
serve,11866,S_366.jpeg,169.31,85.87,108.57,99.9,142.67,65.28,169.72,40,Moderate,"Right elbow overly flexed (Angle dropped to 86° during contact, below the 140° comfort range. Sustained sha...); Trunk leaning excessively (Torso lean measured at 170°, outside the 15°–65° tennis-specific range. Can shif...)"
serve,11869,S_369.jpeg,141.54,170.48,168.11,42.65,34.34,97.16,152.58,35,Low,"Right knee deep bend (Knee angle reached 43°, well below the 80° threshold. Deep flexion under load ca...); Trunk leaning excessively (Torso lean measured at 153°, outside the 15°–65° tennis-specific range. Can shif...)"
serve,11870,S_370.jpeg,131.82,175.6,177.8,11.31,43.14,67.83,148.11,65,Moderate,"Left elbow overly flexed (Angle dropped to 132° during contact, below the 140° comfort range. Sustained sh...); Right knee deep bend (Knee angle reached 11°, well below the 80° threshold. Deep flexion under load ca...); Trunk leaning excessively (Torso lean measured at 148°, outside the 15°–65° tennis-specific range. Can shif...)"
serve,11871,S_371.jpeg,157.62,118.93,171.02,141.47,71.71,19.15,171.62,40,Moderate,"Right elbow overly flexed (Angle dropped to 119° during contact, below the 140° comfort range. Sustained sh...); Trunk leaning excessively (Torso lean measured at 172°, outside the 15°–65° tennis-specific range. Can shif...)"
serve,11873,S_373.jpeg,156.41,92.32,130.29,146.31,146.94,6.09,159.36,40,Moderate,"Right elbow overly flexed (Angle dropped to 92° during contact, below the 140° comfort range. Sustained sha...); Trunk leaning excessively (Torso lean measured at 159°, outside the 15°–65° tennis-specific range. Can shif...)"
serve,11874,S_374.jpeg,153.43,55.59,103.25,117.16,149.96,18.43,159.09,40,Moderate,"Right elbow overly flexed (Angle dropped to 56° during contact, below the 140° comfort range. Sustained sha...); Trunk leaning excessively (Torso lean measured at 159°, outside the 15°–65° tennis-specific range. Can shif...)"
serve,11875,S_375.jpeg,142.01,41.34,115.15,124.88,138.19,36.27,142.9,40,Moderate,"Right elbow overly flexed (Angle dropped to 41° during contact, below the 140° comfort range. Sustained sha...); Trunk leaning excessively (Torso lean measured at 143°, outside the 15°–65° tennis-specific range. Can shif...)"
serve,11878,S_378.jpeg,79.22,173.4,170.48,170.75,45.81,77.47,126.2,40,Moderate,"Left elbow overly flexed (Angle dropped to 79° during contact, below the 140° comfort range. Sustained sha...); Trunk leaning excessively (Torso lean measured at 126°, outside the 15°–65° tennis-specific range. Can shif...)"
serve,11879,S_379.jpeg,178.65,159.43,175.54,56.97,80.45,17.12,169.21,35,Low,"Right knee deep bend (Knee angle reached 57°, well below the 80° threshold. Deep flexion under load ca...); Trunk leaning excessively (Torso lean measured at 169°, outside the 15°–65° tennis-specific range. Can shif...)"
serve,11893,S_393.jpeg,155.63,139.83,173.42,130.81,29.74,21.38,170.24,40,Moderate,"Right elbow overly flexed (Angle dropped to 140° during contact, below the 140° comfort range. Sustained sh...); Trunk leaning excessively (Torso lean measured at 170°, outside the 15°–65° tennis-specific range. Can shif...)"
serve,11894,S_394.jpeg,148.39,117.99,170.6,145.77,89.24,17.5,168.0,40,Moderate,"Right elbow overly flexed (Angle dropped to 118° during contact, below the 140° comfort range. Sustained sh...); Trunk leaning excessively (Torso lean measured at 168°, outside the 15°–65° tennis-specific range. Can shif...)"
serve,11896,S_396.jpeg,154.09,91.35,123.81,135.49,154.11,0.73,163.9,40,Moderate,"Right elbow overly flexed (Angle dropped to 91° during contact, below the 140° comfort range. Sustained sha...); Trunk leaning excessively (Torso lean measured at 164°, outside the 15°–65° tennis-specific range. Can shif...)"
serve,11897,S_397.jpeg,147.08,15.26,98.77,130.31,158.94,32.73,151.54,40,Moderate,"Right elbow overly flexed (Angle dropped to 15° during contact, below the 140° comfort range. Sustained sha...); Trunk leaning excessively (Torso lean measured at 152°, outside the 15°–65° tennis-specific range. Can shif...)"
serve,11898,S_398.jpeg,140.44,80.16,157.04,150.39,74.98,45.85,134.95,40,Moderate,"Right elbow overly flexed (Angle dropped to 80° during contact, below the 140° comfort range. Sustained sha...); Trunk leaning excessively (Torso lean measured at 135°, outside the 15°–65° tennis-specific range. Can shif...)"
serve,11901,S_401.jpeg,177.74,177.47,175.39,87.62,78.55,21.97,154.73,10,Low,"Trunk leaning excessively (Torso lean measured at 155°, outside the 15°–65° tennis-specific range. Can shif...)"
serve,11909,S_409.jpeg,166.1,160.27,151.87,50.19,25.41,112.48,137.98,35,Low,"Right knee deep bend (Knee angle reached 50°, well below the 80° threshold. Deep flexion under load ca...); Trunk leaning excessively (Torso lean measured at 138°, outside the 15°–65° tennis-specific range. Can shif...)"
serve,11910,S_410.jpeg,147.26,150.71,161.97,15.26,45.26,112.26,118.64,35,Low,"Right knee deep bend (Knee angle reached 15°, well below the 80° threshold. Deep flexion under load ca...); Trunk leaning excessively (Torso lean measured at 119°, outside the 15°–65° tennis-specific range. Can shif...)"
serve,11926,S_426.jpeg,178.52,129.7,173.88,140.94,59.18,38.94,174.65,40,Moderate,"Right elbow overly flexed (Angle dropped to 130° during contact, below the 140° comfort range. Sustained sh...); Trunk leaning excessively (Torso lean measured at 175°, outside the 15°–65° tennis-specific range. Can shif...)"
serve,11927,S_427.jpeg,161.39,123.48,166.79,141.91,104.26,40.6,170.88,40,Moderate,"Right elbow overly flexed (Angle dropped to 123° during contact, below the 140° comfort range. Sustained sh...); Trunk leaning excessively (Torso lean measured at 171°, outside the 15°–65° tennis-specific range. Can shif...)"
serve,11937,S_437.jpeg,155.22,178.97,173.09,93.58,52.89,48.23,134.01,10,Low,"Trunk leaning excessively (Torso lean measured at 134°, outside the 15°–65° tennis-specific range. Can shif...)"
serve,11938,S_438.jpeg,178.78,165.65,178.23,42.38,90.78,35.95,168.95,35,Low,"Right knee deep bend (Knee angle reached 42°, well below the 80° threshold. Deep flexion under load ca...); Trunk leaning excessively (Torso lean measured at 169°, outside the 15°–65° tennis-specific range. Can shif...)"
serve,11939,S_439.jpeg,177.99,179.49,175.17,167.3,58.73,41.42,170.34,10,Low,"Trunk leaning excessively (Torso lean measured at 170°, outside the 15°–65° tennis-specific range. Can shif...)"
serve,11943,S_443.jpeg,176.36,161.59,171.77,130.45,42.94,62.98,152.46,10,Low,"Trunk leaning excessively (Torso lean measured at 152°, outside the 15°–65° tennis-specific range. Can shif...)"
serve,11944,S_444.jpeg,173.94,158.97,163.76,130.24,34.23,54.04,150.78,10,Low,"Trunk leaning excessively (Torso lean measured at 151°, outside the 15°–65° tennis-specific range. Can shif...)"
serve,11954,S_454.jpeg,166.53,79.33,162.13,140.53,97.61,0.51,160.2,40,Moderate,"Right elbow overly flexed (Angle dropped to 79° during contact, below the 140° comfort range. Sustained sha...); Trunk leaning excessively (Torso lean measured at 160°, outside the 15°–65° tennis-specific range. Can shif...)"
serve,11960,S_460.jpeg,180.0,68.98,130.14,137.19,102.99,34.16,149.98,40,Moderate,"Right elbow overly flexed (Angle dropped to 69° during contact, below the 140° comfort range. Sustained sha...); Trunk leaning excessively (Torso lean measured at 150°, outside the 15°–65° tennis-specific range. Can shif...)"
serve,11964,S_464.jpeg,168.03,171.33,145.33,14.55,14.76,95.47,98.28,35,Low,"Right knee deep bend (Knee angle reached 15°, well below the 80° threshold. Deep flexion under load ca...); Trunk leaning excessively (Torso lean measured at 98°, outside the 15°–65° tennis-specific range. Can shift...)"
serve,11965,S_465.jpeg,175.24,173.7,153.1,46.25,34.19,115.71,112.82,35,Low,"Right knee deep bend (Knee angle reached 46°, well below the 80° threshold. Deep flexion under load ca...); Trunk leaning excessively (Torso lean measured at 113°, outside the 15°–65° tennis-specific range. Can shif...)"
serve,11966,S_466.jpeg,179.72,169.94,162.71,120.08,31.28,102.32,117.17,10,Low,"Trunk leaning excessively (Torso lean measured at 117°, outside the 15°–65° tennis-specific range. Can shif...)"
serve,11967,S_467.jpeg,154.01,151.24,171.09,168.49,26.17,71.69,123.43,10,Low,"Trunk leaning excessively (Torso lean measured at 123°, outside the 15°–65° tennis-specific range. Can shif...)"
serve,11996,S_496.jpeg,156.37,70.7,145.05,124.7,49.13,16.51,162.19,40,Moderate,"Right elbow overly flexed (Angle dropped to 71° during contact, below the 140° comfort range. Sustained sha...); Trunk leaning excessively (Torso lean measured at 162°, outside the 15°–65° tennis-specific range. Can shif...)"
