feature,importance
elbow_symmetry,0.1712299267740437
left_elbow_angle_zscore,0.10562586493133154
left_elbow_angle,0.09506547448097927
right_elbow_angle_zscore,0.09004845681858438
elbow_knee_ratio,0.08438161031264371
right_elbow_angle,0.07347706638417704
right_knee_angle_zscore,0.04184432096725539
right_elbow_knee_ratio,0.04157660850010234
right_knee_angle,0.038506151140575984
left_shoulder_angle_zscore,0.03522687192096624
right_elbow_angle_optimal,0.029268859822972285
left_elbow_angle_optimal,0.024286203691415806
left_knee_angle_zscore,0.022064858332320466
left_shoulder_angle,0.019801499870448835
knee_symmetry,0.017904934433971103
left_knee_angle,0.0164175407541491
hip_angle_zscore,0.014069118337636504
right_shoulder_angle,0.013655364287114207
right_shoulder_angle_zscore,0.010382589960775923
hip_angle,0.010038685693259308
right_knee_angle_extreme,0.007196241613220626
right_elbow_angle_extreme,0.006770109909731818
left_knee_angle_optimal,0.00535048775406646
movement_quality,0.005066710342037979
left_elbow_angle_extreme,0.005022584954155631
left_knee_angle_extreme,0.004459964859787975
left_shoulder_angle_optimal,0.0035575404249520164
right_knee_angle_optimal,0.0030709679388642446
right_shoulder_angle_optimal,0.0017227171269635758
right_shoulder_angle_extreme,0.0014009474303513653
left_shoulder_angle_extreme,0.000789807066277581
hip_angle_extreme,0.0007199131648676117
