action,image_id,filename,left_elbow_angle,right_elbow_angle,left_knee_angle,right_knee_angle,left_shoulder_angle,right_shoulder_angle,hip_angle,left_elbow_angle_zscore,left_elbow_angle_extreme,left_elbow_angle_optimal,right_elbow_angle_zscore,right_elbow_angle_extreme,right_elbow_angle_optimal,left_knee_angle_zscore,left_knee_angle_extreme,left_knee_angle_optimal,right_knee_angle_zscore,right_knee_angle_extreme,right_knee_angle_optimal,left_shoulder_angle_zscore,left_shoulder_angle_extreme,left_shoulder_angle_optimal,right_shoulder_angle_zscore,right_shoulder_angle_extreme,right_shoulder_angle_optimal,hip_angle_zscore,hip_angle_extreme,elbow_knee_ratio,right_elbow_knee_ratio,elbow_symmetry,knee_symmetry,movement_quality,uncertainty_score,expert_risk_level
serve,11893,S_393.jpeg,155.63,139.83,173.42,130.81,29.74,21.38,170.24,0.3118346915946826,0,0,0.7646409484515735,0,0,1.083351403957887,1,0,0.27861536785942,0,1,-0.9234012019655744,1,0,-0.8290146283175716,1,0,0.7135853976918431,1,0.8922715284944388,1.0608451559062286,15.799999999999985,42.609999999999985,0.1666666666666666,0.747939565374995,
serve,11695,S_195.jpeg,169.5,140.55,178.53,142.88,61.04,34.81,176.41,0.6103756907580917,1,0,0.780886565943962,0,0,1.2716449933262592,1,0,0.5975910958160325,0,1,-0.3068756375615371,0,1,-0.4552149530591117,0,1,0.9613493103238708,1,0.9441318999610092,0.9768557130942452,28.94999999999999,35.650000000000006,0.5,0.7221507790269242,
forehand,10729,F_229.jpeg,125.33,69.59,101.15,96.49,80.44,34.56,95.37,-0.3403493224392966,0,1,-0.8202092913614348,0,1,-1.5796579313947918,0,1,-0.6283644982110812,0,1,0.0752520285547031,0,1,-0.4621732493222997,0,1,-2.2929112212319733,0,1.2269211943220752,0.7138168017232538,55.739999999999995,4.660000000000011,1.0,0.6883681992161511,
serve,11673,S_173.jpeg,128.88,61.39,98.56,100.4,151.94,64.7,169.38,-0.2639383240953816,0,1,-1.0052288239136369,0,1,-1.675094408197939,0,1,-0.5250343328166852,0,1,1.483609148519197,0,0,0.3767189481676466,0,1,0.6790510435810575,1,1.2944957814383289,0.6054240631163708,67.49,1.8400000000000032,0.8333333333333334,0.6764375395083297,
forehand,10556,F_056.jpeg,138.73,89.74,87.92,92.96,74.4,43.95,90.41,-0.0519247089721244,0,0,-0.3655576351508411,0,1,-2.067157772362219,0,1,-0.72165234574106,0,1,-0.0437196778031364,0,1,-0.200819641676958,0,1,-2.492086100754641,0,1.5601664417453889,0.9550872711792252,48.989999999999995,5.039999999999992,0.8333333333333334,0.658349131528712,
forehand,10591,F_091.jpeg,138.5,105.49,105.47,101.96,95.53,79.7,105.82,-0.0568752806958145,0,0,-0.0101847525048434,0,1,-1.4204743098544077,0,1,-0.4838079752680264,0,1,0.3724843214255313,0,1,0.7942167239589272,0,1,-1.873278662560224,0,1.3008359162205316,1.0245726495726497,33.010000000000005,3.510000000000005,0.8333333333333334,0.5695442113249782,
forehand,10545,F_045.jpeg,38.22,51.77,145.58,178.98,62.57,71.03,162.37,-2.2153245522247733,0,0,-1.2222883242980491,0,1,0.0575013984754114,0,1,1.5516112929356445,1,0,-0.2767387649245346,0,1,0.552903009551567,0,1,0.3975559013524489,1,0.2607449856733524,0.2876430714523836,13.550000000000004,33.39999999999998,0.6666666666666666,0.5286956017117197,
forehand,10725,F_225.jpeg,163.5,150.13,158.45,162.12,39.18,76.74,91.92,0.4812303414444324,1,0,0.9970435320232416,0,0,0.5317359376478056,0,0,1.1060495055828288,1,0,-0.7374586675255068,0,1,0.7118304962027809,0,1,-2.431450199932216,0,1.0253998118532457,0.9203653751839136,13.370000000000005,3.670000000000016,0.3333333333333333,0.47503514015372417,
forehand,10884,F_384.jpeg,97.18,126.91,136.57,177.65,3.24,143.8,135.58,-0.9462562529692146,0,1,0.4731223678937135,0,1,-0.2744996270058076,0,1,1.5164631804101856,1,0,-1.4453797149594076,1,0,2.5783238858403332,0,1,-0.6782293854242174,0,0.706404012502726,0.7103834312902323,29.72999999999999,41.08000000000001,0.6666666666666666,0.46543642170783106,
forehand,10723,F_223.jpeg,140.06,99.48,99.67,109.6,27.36,41.73,98.63,-0.023297489874263,0,0,-0.1457905318510303,0,1,-1.6341930609965902,0,1,-0.2819045318886957,0,1,-0.9702807816231336,1,0,-0.2626093124940677,0,1,-2.162001925416672,0,1.3912784344889242,0.8994575045207958,40.58,9.929999999999993,0.6666666666666666,0.4489929394304607,
serve,11744,S_244.jpeg,171.48,170.2,158.47,145.08,11.89,3.94,161.1,0.6529936560315991,1,0,1.4498901196235698,1,0,0.532472898858641,0,0,0.6557308308205523,0,1,-1.2749980493972697,1,0,-1.3144253756375672,1,0,0.3465574947004751,1,1.075311970903618,1.165115005476451,1.2800000000000011,13.389999999999986,0.1666666666666666,0.43617287330043175,
forehand,10985,F_485.jpeg,132.6,22.29,148.5,120.53,90.66,26.19,85.4,-0.1838682075209129,0,1,-1.887456107180844,1,0,0.1650977352573374,0,1,0.0069442424746662,0,1,0.2765584588489286,0,1,-0.6951370082138343,1,0,-2.693268791562819,0,0.8869565217391304,0.1834115033325105,110.31,27.97,0.6666666666666666,0.4257235446195064,
backhand,10396,B_396.jpeg,145.01,150.26,114.41,102.59,25.26,45.45,151.04,0.0832474233095056,0,0,0.9999767685149228,0,0,-1.0910526486111125,0,1,-0.4671588693349138,0,1,-1.0116451166150977,1,0,-0.15906986409783,0,1,-0.0574141359442903,0,1.2564769084134824,1.4505261125591271,5.25,11.819999999999991,0.5,0.4216426847184686,
serve,11656,S_156.jpeg,170.41,143.51,176.69,138.64,52.0,39.89,178.33,0.6299627354039966,1,0,0.8476741045237808,0,0,1.203844561929429,1,0,0.4855399701709588,0,1,-0.4849392510507542,0,1,-0.3138223729911313,0,1,1.0384492636874847,1,0.9590297709494062,1.0277141220280723,26.90000000000001,38.05000000000001,0.5,0.41914455986462434,
backhand,10373,B_373.jpeg,145.81,152.51,126.12,118.1,37.32,54.14,167.24,0.1004668032179937,0,0,1.0507443231786366,0,0,-0.6595618596671535,0,1,-0.057273737553053,0,1,-0.7740956499469608,0,1,0.0828005140105851,0,1,0.5931167205611975,1,1.1470264317180616,1.2805205709487826,6.699999999999989,8.02000000000001,0.6666666666666666,0.4149862504665098,
forehand,10579,F_079.jpeg,17.1,133.03,158.08,116.48,56.17,14.93,116.46,-2.669916181808854,1,0,0.6112101165790155,0,1,0.5181021552473569,0,0,-0.1000857242381988,0,1,-0.4028015001381396,0,1,-1.0085386719078222,1,0,-1.4460164210035338,0,0.1074930852401307,1.1323629553966632,115.93,41.60000000000001,0.5,0.41268364801562707,
serve,11523,S_023.jpeg,175.13,136.33,177.24,120.73,29.21,21.94,155.45,0.7315570768640752,1,0,0.685669196752463,0,0,1.2241109952273947,1,0,0.0122296729296225,0,1,-0.9338407722254508,1,0,-0.8134280446880304,1,0,0.1196748194377587,0,0.9825516157989228,1.1199375667460774,38.79999999999998,56.510000000000005,0.1666666666666666,0.4087854648821918,
forehand,10821,F_321.jpeg,117.56,15.26,114.22,120.31,87.23,8.72,162.17,-0.5075925498004853,0,1,-2.0460765113079145,1,0,-1.0980537801140458,0,1,0.0011302689742143,0,1,0.2089967116953873,0,1,-1.1813827510854125,1,0,0.3895246562104052,1,1.0203089741364346,0.1257934218118869,102.3,6.090000000000003,0.6666666666666666,0.40517613342081593,
serve,11637,S_137.jpeg,130.25,140.82,152.85,79.05,33.07,16.72,175.92,-0.234450136002096,0,1,0.7869786725036072,0,0,0.3253867986139742,0,0,-1.0892540338832706,0,1,-0.8578091850497453,0,1,-0.958717270663396,1,0,0.941672759725865,1,0.8466038349041274,1.759150530918176,10.569999999999991,73.8,0.5,0.3923846566778006,
backhand,10001,B_001.jpeg,117.96,137.01,112.71,120.86,27.38,36.73,142.26,-0.4989828598462415,0,1,0.7010122799397182,0,0,-1.153694351532097,0,1,0.015665202725344,0,1,-0.9698868355755912,1,0,-0.4017752377578279,0,1,-0.4099857976799804,0,1.0373757804942398,1.124322993599212,19.049999999999997,8.150000000000006,0.6666666666666666,0.37234885050513333,
serve,11679,S_179.jpeg,179.01,139.19,171.48,114.24,39.81,40.02,149.43,0.8150710694202414,1,0,0.7502003995694501,0,0,1.0118661665068815,1,0,-0.1592825453337095,0,1,-0.7250493670279174,0,1,-0.3102040589342735,0,1,-0.1220656593377363,0,1.0378594619666048,1.2078271433530026,39.81999999999999,57.239999999999995,0.5,0.3644273425339511,
serve,11967,S_467.jpeg,154.01,151.24,171.09,168.49,26.17,71.69,123.43,0.2769654472799945,0,0,1.022088858990674,0,0,0.9974954228955972,1,0,1.2743904655731872,1,0,-0.9937205714519132,1,0,0.5712729116863833,0,1,-1.166127527803333,0,0.8949386948689638,0.8923240309162782,2.769999999999982,2.5999999999999943,0.1666666666666666,0.3643518801430271,
backhand,10467,B_467.jpeg,123.71,137.68,127.77,126.74,15.39,36.18,169.17,-0.3752185667539847,0,1,0.7161297295506912,0,0,-0.5987625597732571,0,1,0.1710568581010591,0,1,-1.2060574910773292,1,0,-0.4170834895368415,0,1,0.670618236181912,1,0.960705133183195,1.0778143103178333,13.970000000000011,1.0300000000000011,0.6666666666666666,0.3498488621455613,
forehand,10894,F_394.jpeg,24.15,138.61,165.41,179.56,34.86,69.31,179.44,-2.518170396365304,1,0,0.7371136521450264,0,0,0.7881984390184251,1,0,1.5669390412550182,1,0,-0.8225510137946902,0,1,0.5050299312608335,0,1,1.083022674225823,1,0.1451234901748692,0.7676672574213559,114.46,14.150000000000006,0.3333333333333333,0.3498391203093826,
serve,11894,S_394.jpeg,148.39,117.99,170.6,145.77,89.24,17.5,168.0,0.1559993034228669,0,0,0.271857217849123,0,1,0.9794398732301368,1,0,0.6739655658901516,0,1,0.24858828947341,0,1,-0.9370073863222494,1,0,0.6236354521009606,1,0.8647435897435897,0.8039108809702254,30.39999999999999,24.829999999999984,0.5,0.3445321132649004,
backhand,10248,B_248.jpeg,159.27,155.03,97.03,124.74,4.51,24.22,169.25,0.3901828701783029,0,0,1.1076039844019965,0,0,-1.731471940826825,0,1,0.1182025535514961,0,1,-1.4203641409404577,1,0,-0.7499683827677558,1,0,0.6738307342387297,1,1.6247067224319087,1.232940989343089,4.240000000000009,27.709999999999994,0.3333333333333333,0.32630408374958975,
serve,11869,S_369.jpeg,141.54,170.48,168.11,42.65,34.34,97.16,152.58,0.0085583629564393,0,0,1.4562078597594987,1,0,0.887688202481166,1,0,-2.051202376685317,0,1,-0.8327936110307955,0,1,1.2801841349799776,0,1,0.0044264516494419,0,0.8369700195139257,3.9056128293241694,28.94,125.46,0.5,0.3250860997608441,
forehand,10724,F_224.jpeg,169.09,132.72,144.57,154.29,32.94,59.61,100.93,0.6015507585549917,1,0,0.6042154757142371,0,1,0.0202848573282375,0,1,0.8991249032712894,0,0,-0.8603698343587718,0,1,0.2350480362491387,0,1,-2.069642606283176,0,1.1615717524215154,0.8546590250499067,36.370000000000005,9.72,0.6666666666666666,0.3234758224171027,
backhand,10328,B_328.jpeg,132.77,73.2,167.44,175.93,92.47,42.12,134.27,-0.1802090892903589,0,1,-0.7387555703232094,0,1,0.863000001918189,1,0,1.4710084784975614,1,0,0.3122105761515264,0,1,-0.2517543703234944,0,1,-0.7308340411045995,0,0.788233198765139,0.4137229412762109,59.57000000000001,8.490000000000009,0.6666666666666666,0.3176998233825783,
backhand,10026,B_026.jpeg,142.62,159.87,127.88,117.26,33.42,53.5,154.57,0.0318045258328982,0,0,1.2168106353230523,0,0,-0.594709273113664,0,1,-0.0794725454638692,0,1,-0.8509151292177513,0,1,0.0649872755768238,0,1,0.0843373408127695,0,1.106610800744879,1.351851851851852,17.25,10.61999999999999,0.6666666666666666,0.31769968390878167,
backhand,10424,B_424.jpeg,135.93,149.89,123.89,109.63,30.23,50.78,158.68,-0.1121925386518317,0,0,0.9916283261924452,0,0,-0.7417330346752687,0,1,-0.2811117173204523,0,1,-0.9137495238007824,0,1,-0.0107189877666617,0,1,0.2493794284817547,0,1.0883977900552486,1.354876615746181,13.95999999999998,14.260000000000003,0.6666666666666666,0.317413687003878,
serve,11650,S_150.jpeg,105.71,66.97,169.61,145.19,4.4,6.27,168.18,-0.7626546146949625,0,1,-0.8793252883476264,0,1,0.9429602932937994,1,0,0.6586378175707779,0,1,-1.4225308442019415,1,0,-1.2495740544646547,1,0,0.6308635727287997,1,0.6196002578981301,0.4581024693891511,38.739999999999995,24.420000000000016,0.5,0.31018625636985386,
serve,11680,S_180.jpeg,179.67,148.03,171.12,125.78,38.69,42.81,157.53,0.8292770578447439,1,0,0.9496604810037752,0,0,0.99860086471185,1,0,0.145686791917269,0,1,-0.7471103456902984,0,1,-0.2325494726370953,0,1,0.203199768915007,0,1.0438647455263768,1.1676131882000316,31.639999999999983,45.34,0.5,0.31018600302753835,
serve,11717,S_217.jpeg,173.85,143.49,178.57,135.04,57.9,41.55,179.69,0.7040060690104946,1,0,0.8472228373712148,0,0,1.2731189157479292,1,0,0.3904022219817455,0,1,-0.368725167025712,0,1,-0.2676192858035631,0,1,1.093061730653377,1,0.9681461268586068,1.0547633049103209,30.359999999999985,43.53,0.5,0.31018600302753835,
backhand,10148,B_148.jpeg,118.24,143.85,92.58,82.22,11.96,42.43,172.17,-0.4929560768782707,0,1,0.8553456461174087,0,0,-1.895445810237638,0,1,-1.0054799611722132,0,1,-1.2736192382308706,1,0,-0.2431260829571412,0,1,0.7910869133125578,1,1.2635178456935243,1.7285508291276137,25.61,10.36,0.6666666666666666,0.3080470846521265,
ready_position,11079,R_079.jpeg,88.07,90.19,107.52,92.7,41.65,25.47,87.59,-1.1423419416771208,0,1,-0.3554041242180983,0,1,-1.344935785743809,0,1,-0.7285234053325029,0,1,-0.6888063306540061,0,1,-0.7151769014518158,1,0,-2.605326657257448,0,0.8115554736454109,0.9625400213447172,2.1200000000000045,14.819999999999991,0.8333333333333334,0.2932037888858238,
backhand,10341,B_341.jpeg,108.24,135.64,159.59,135.29,18.79,38.39,156.9,-0.7081983257343696,0,1,0.6701004799889234,0,0,0.5737427266654076,0,0,0.3970090100504409,0,1,-1.1390866629951015,1,0,-0.3555721505702594,0,1,0.1779013467175715,0,0.6740145712684475,0.9952307579426224,27.39999999999999,24.30000000000001,0.5,0.28711609151610906,
serve,11508,S_008.jpeg,141.73,69.85,176.09,126.41,16.83,1.68,162.38,0.0126479656847051,0,0,-0.8143428183780725,0,1,1.1817357256043757,1,0,0.1623358978503813,0,1,-1.1776933756542682,1,0,-1.3773283738567867,1,0,0.3979574636095507,1,0.8003275170817098,0.5482301232242367,71.88,49.68000000000001,0.3333333333333333,0.2868377553544538,
serve,11536,S_036.jpeg,169.29,141.52,178.78,117.87,27.1,19.45,153.79,0.6058556035321134,1,0,0.8027730228434298,0,0,1.280857008461698,1,0,-0.0633519825762524,0,1,-0.9754020802411862,1,0,-0.882732675469383,1,0,0.0530154847588015,0,0.9416509066637,1.190544292083789,27.769999999999985,60.91,0.1666666666666666,0.2757387517200687,
backhand,10499,B_499.jpeg,149.48,146.27,145.39,127.94,17.73,38.55,156.76,0.1794607085481817,0,0,0.909948971577937,0,0,0.0505002669724768,0,1,0.202769440830797,0,1,-1.1599658035148548,1,0,-0.3511188409618192,0,1,0.1722794751181408,0,1.0211079991802718,1.1344035985729797,3.2099999999999795,17.44999999999999,0.5,0.2756550913317088,
backhand,10477,B_477.jpeg,137.64,142.7,122.22,80.78,40.16,51.93,131.17,-0.0753861140974393,0,0,0.8293977848448437,0,0,-0.8032692957800007,0,1,-1.0435350604478983,0,1,-0.7181553111959236,0,1,0.021289175044003,0,1,-0.8553183408062677,0,1.117026456744035,1.7449254096356075,5.060000000000002,41.44,0.6666666666666666,0.2756540733859286,
backhand,10374,B_374.jpeg,133.28,162.43,131.02,95.12,38.57,66.07,163.75,-0.169231734598698,0,1,1.2745728308515447,1,0,-0.4790063630125507,0,1,-0.6645696968275316,0,1,-0.7494740219755535,0,1,0.4148504116899167,0,1,0.4529714928325458,1,1.009544008483563,1.68986683312526,29.15000000000001,35.900000000000006,0.8333333333333334,0.2755412195537227,
forehand,10537,F_037.jpeg,39.21,142.35,142.13,132.27,37.5,36.21,128.53,-2.1940155695880192,0,0,0.8215006096749328,0,0,-0.0696244103936461,0,1,0.3171990101806012,0,1,-0.7705501355190781,0,1,-0.4162484939852588,0,1,-0.9613307766812356,0,0.2739467616851813,1.0681323628723642,103.14,9.859999999999983,0.6666666666666666,0.27534376752803097,
serve,11653,S_153.jpeg,169.0,141.7,168.69,131.52,40.44,34.58,157.6,0.5996135783152868,1,0,0.8068344272165263,0,0,0.9090600775953837,1,0,0.2973786459745151,0,1,-0.7126400665303283,0,1,-0.4616165856212447,0,1,0.2060107047147217,0,0.9959337615652072,1.0692725626320554,27.30000000000001,37.16999999999999,0.5,0.2670417992353213,
serve,11678,S_178.jpeg,154.5,139.09,154.37,10.62,29.53,84.34,134.43,0.2875123174739435,0,0,0.7479440638066185,0,0,0.3813958506374432,0,0,-2.8976640640465683,1,0,-0.9275376354647706,1,0,0.9233627026036968,0,1,-0.7244090449909651,0,0.9944004634099248,11.96987951807229,15.409999999999997,143.75,0.1666666666666666,0.2670407602649266,
serve,11677,S_177.jpeg,136.01,175.43,169.42,38.61,32.92,94.17,144.42,-0.1104706006609833,0,0,1.5678964800196695,1,0,0.9359591617908648,1,0,-2.1579680718754344,0,1,-0.8607637804063142,0,1,1.196962911672249,0,1,-0.3232483501459156,0,0.7980870789813402,4.4289320878566025,39.420000000000016,130.81,0.5,0.25735454720023704,
forehand,10956,F_456.jpeg,34.18,123.18,168.13,141.04,43.52,111.08,128.55,-2.302282420762637,0,0,0.3889610439400901,0,1,0.8884251636920004,1,0,0.5489651356304345,0,1,-0.6519723752087808,0,1,1.667622070914286,0,1,-0.9605276521670308,0,0.2020930645065925,0.8672205012672488,89.0,27.090000000000003,0.6666666666666666,0.24493346485639717,
backhand,10214,B_214.jpeg,157.07,155.13,138.49,127.14,32.92,44.02,175.38,0.3428295754299608,0,0,1.109860320164828,0,0,-0.2037513507656361,0,1,0.1816277190109719,0,1,-0.8607637804063142,0,1,-0.1988713187232654,0,1,0.9199883978423492,1,1.1260305398236432,1.2106289995317625,1.9399999999999975,11.350000000000009,0.6666666666666666,0.23984290497499064,
forehand,10856,F_356.jpeg,41.04,156.42,146.27,147.57,24.32,105.99,171.77,-2.1546262380473533,0,0,1.1389670515053572,0,0,0.0829265602492227,0,1,0.7215344399847577,0,1,-1.030160580849596,1,0,1.525951158995778,0,1,0.7750244230284726,1,0.2786718272560602,1.0528370465100625,115.38,1.299999999999983,0.5,0.23395361652153268,
forehand,10581,F_081.jpeg,71.82,153.3,165.14,173.19,22.22,179.43,150.03,-1.4921105960682814,0,1,1.0685693757050077,0,0,0.7782494626721507,1,0,1.39859808126466,1,0,-1.07152491584156,1,0,3.570020269269888,1,0,-0.0979719239116074,0,0.4322860238353196,0.8800734829783571,81.48000000000002,8.050000000000011,0.1666666666666666,0.23037360028303483,
